id,url,Locality,Type of property,Subtype of property,Price,Type of sale,Number of rooms,Area,Fully equipped kitchen,Furnished,Open fire,Terrace,Terrace area,Garden,Garden area,Surface of the land,Surface area of the plot of land,Number of facades ,Swimming pool,State of the building
10146186,https://www.immoweb.be/en/classified/apartment/for-sale/etterbeek/1040/10146186?searchId=63393bc012991,1040,APARTMENT,APARTMENT,275000,residential_sale,,75,INSTALLED,False,True,True,9,,,,,2,,TO_BE_DONE_UP
10145269,https://www.immoweb.be/en/classified/apartment/for-sale/woluwe-saint-lambert/1200/10145269?searchId=63393bc012991,1200,APARTMENT,APARTMENT,275000,residential_sale,,83,HYPER_EQUIPPED,False,False,True,5,,,,,2,False,AS_NEW
10145286,https://www.immoweb.be/en/classified/new-real-estate-project-apartments/for-sale/gent-sint-denijs-westrem/9051/10145286?searchId=63393bc012991,9051,APARTMENT_GROUP,APARTMENT_GROUP,,group_sale,,,,,False,,,,,,,1,,
10141214,https://www.immoweb.be/en/classified/apartment/for-sale/ixelles/1050/10141214?searchId=63393bc012991,1050,APARTMENT,APARTMENT,1995000,residential_sale,7,277,USA_HYPER_EQUIPPED,False,True,True,87,,,,,4,False,JUST_RENOVATED
9881253,https://www.immoweb.be/en/classified/new-real-estate-project-apartments/for-sale/brussels-city/1000/9881253?searchId=63393bc012991,1000,APARTMENT_GROUP,APARTMENT_GROUP,,group_sale,,,,,False,,,,,,,1,,
10143541,https://www.immoweb.be/en/classified/apartment/for-sale/laeken/1020/10143541?searchId=63393bc012991,1020,APARTMENT,APARTMENT,220000,residential_sale,,70,SEMI_EQUIPPED,False,False,True,5,,,,,2,,AS_NEW
10143954,https://www.immoweb.be/en/classified/apartment/for-sale/hoboken/2660/10143954?searchId=63393bc012991,2660,APARTMENT,APARTMENT,225000,residential_sale,,81,INSTALLED,False,False,True,9,,,,,2,,AS_NEW
10074861,https://www.immoweb.be/en/classified/new-real-estate-project-apartments/for-sale/zedelgem/8210/10074861?searchId=63393bc012991,8210,APARTMENT_GROUP,APARTMENT_GROUP,,group_sale,,,,False,False,,,,,,,1,,
10143882,https://www.immoweb.be/en/classified/new-real-estate-project-apartments/for-sale/evere/1140/10143882?searchId=63393bc012991,1140,APARTMENT_GROUP,APARTMENT_GROUP,,group_sale,,,,False,False,,,,,,,1,,
10143225,https://www.immoweb.be/en/classified/new-real-estate-project-apartments/for-sale/wavre/1300/10143225?searchId=63393bc012991,1300,APARTMENT_GROUP,APARTMENT_GROUP,,group_sale,,,,,False,,,,,,,1,,
10142884,https://www.immoweb.be/en/classified/apartment/for-sale/evere/1140/10142884?searchId=63393bc012991,1140,APARTMENT,APARTMENT,315000,residential_sale,,95,HYPER_EQUIPPED,,False,True,,,,,,,False,GOOD
10143801,https://www.immoweb.be/en/classified/duplex/for-sale/gent/9000/10143801?searchId=63393bc012991,9000,APARTMENT,DUPLEX,370000,residential_sale,,127,HYPER_EQUIPPED,False,False,,,,,,,,,JUST_RENOVATED
10143472,https://www.immoweb.be/en/classified/new-real-estate-project-apartments/for-sale/chaumont-gistoux/1325/10143472?searchId=63393bc012991,1325,APARTMENT_GROUP,APARTMENT_GROUP,,group_sale,,,,,False,,,,,,,1,,
10143254,https://www.immoweb.be/en/classified/house/for-sale/waimes/4950/10143254?searchId=63393bc012991,4950,HOUSE,HOUSE,425000,residential_sale,,130,SEMI_EQUIPPED,False,False,True,14,,,991,991,4,False,GOOD
10092917,https://www.immoweb.be/en/classified/new-real-estate-project-apartments/for-sale/bruxelles/1000/10092917?searchId=63393bc012991,1000,APARTMENT_GROUP,APARTMENT_GROUP,,group_sale,,,,,False,,,,,,,1,,
10143136,https://www.immoweb.be/en/classified/apartment-block/for-sale/ronse/9600/10143136?searchId=63393bc012991,9600,HOUSE,APARTMENT_BLOCK,450000,residential_sale,,306,INSTALLED,False,False,True,12,True,215,460,460,2,False,GOOD
10142887,https://www.immoweb.be/en/classified/house/for-sale/woluwe-saint-pierre/1150/10142887?searchId=63393bc012991,1150,HOUSE,HOUSE,750000,residential_sale,,200,INSTALLED,False,False,True,,,,360,360,3,False,TO_RENOVATE
10143366,https://www.immoweb.be/en/classified/exceptional-property/for-sale/dalhem/4607/10143366?searchId=63393bc012991,4607,HOUSE,EXCEPTIONAL_PROPERTY,849000,residential_sale,,1010,HYPER_EQUIPPED,False,False,True,80,True,15324,16839,16839,4,False,GOOD
10140837,https://www.immoweb.be/en/classified/house/for-sale/ronse/9600/10140837?searchId=63393bc012991,9600,HOUSE,HOUSE,129000,residential_sale,,165,NOT_INSTALLED,False,False,,,True,430,610,610,2,False,TO_RENOVATE
9948992,https://www.immoweb.be/en/classified/new-real-estate-project-apartments/for-sale/berlaar/2590/9948992?searchId=63393bc012991,2590,APARTMENT_GROUP,APARTMENT_GROUP,,group_sale,,,,False,False,,,,,,,1,,
10142206,https://www.immoweb.be/en/classified/apartment/for-sale/ixelles/1050/10142206?searchId=63393bc012991,1050,APARTMENT,APARTMENT,215000,residential_sale,,66,SEMI_EQUIPPED,False,False,,,,,,,2,False,GOOD
10141695,https://www.immoweb.be/en/classified/new-real-estate-project-apartments/for-sale/willebroek/2830/10141695?searchId=63393bc012991,2830,APARTMENT_GROUP,APARTMENT_GROUP,,group_sale,,,,False,False,,,,,,,1,,
10052020,https://www.immoweb.be/en/classified/apartment/for-sale/woluwe-st-lambert/1200/10052020?searchId=63393bc012991,1200,APARTMENT,APARTMENT,249000,residential_sale,,68,INSTALLED,False,False,,,,,,,,False,TO_BE_DONE_UP
10140797,https://www.immoweb.be/en/classified/new-real-estate-project-apartments/for-sale/gent/9000/10140797?searchId=63393bc012991,9000,APARTMENT_GROUP,APARTMENT_GROUP,,group_sale,,,,,False,,,,,,,1,,
10141588,https://www.immoweb.be/en/classified/new-real-estate-project-apartments/for-sale/de-klinge/9170/10141588?searchId=63393bc012991,9170,APARTMENT_GROUP,APARTMENT_GROUP,,group_sale,,,,False,False,,,,,,,1,,
10140738,https://www.immoweb.be/en/classified/new-real-estate-project-apartments/for-sale/roeselare/8800/10140738?searchId=63393bc012991,8800,APARTMENT_GROUP,APARTMENT_GROUP,,group_sale,,,,,False,,,,,,,1,,
10140833,https://www.immoweb.be/en/classified/house/for-sale/remicourt/4350/10140833?searchId=63393bc012991,4350,HOUSE,HOUSE,300000,residential_sale,,125,INSTALLED,False,False,True,20,True,540,714,714,4,False,GOOD
10140583,https://www.immoweb.be/en/classified/apartment/for-sale/woluwe-saint-lambert/1200/10140583?searchId=63393bc012991,1200,APARTMENT,APARTMENT,340000,residential_sale,,110,SEMI_EQUIPPED,False,False,True,8,,,,,2,False,GOOD
10130388,https://www.immoweb.be/en/classified/apartment/for-sale/deinze/9800/10130388?searchId=63393bc012991,9800,APARTMENT,APARTMENT,375000,residential_sale,,91,HYPER_EQUIPPED,False,False,True,12,,,,,2,False,AS_NEW
10142174,https://www.immoweb.be/en/classified/apartment/for-sale/kessel-lo/3010/10142174?searchId=63393bc012991,3010,APARTMENT,APARTMENT,410000,residential_sale,,105,INSTALLED,False,False,True,,,,,,2,,GOOD
10140459,https://www.immoweb.be/en/classified/new-real-estate-project-houses/for-sale/opwijk/1745/10140459?searchId=63393bc5dbcbf,1745,HOUSE_GROUP,HOUSE_GROUP,,group_sale,,,,,False,,,,,,,1,,
10142075,https://www.immoweb.be/en/classified/new-real-estate-project-houses/for-sale/lille/2275/10142075?searchId=63393bc5dbcbf,2275,HOUSE_GROUP,HOUSE_GROUP,,group_sale,,,,False,False,,,,,,,1,,
10142058,https://www.immoweb.be/en/classified/villa/for-sale/chaumont-gistoux/1325/10142058?searchId=63393bc5dbcbf,1325,HOUSE,VILLA,550000,residential_sale,,203,INSTALLED,False,False,True,30,True,1737,1886,1886,4,,TO_BE_DONE_UP
10142207,https://www.immoweb.be/en/classified/penthouse/for-sale/schaerbeek/1030/10142207?searchId=63393bc5dbcbf,1030,APARTMENT,PENTHOUSE,849000,residential_sale,,190,HYPER_EQUIPPED,False,False,True,32,,,,,2,False,GOOD
10138456,https://www.immoweb.be/en/classified/duplex/for-sale/wichelen/9260/10138456?searchId=63393bc5dbcbf,9260,APARTMENT,DUPLEX,225000,residential_sale,,70,INSTALLED,False,False,True,5,,,,,2,False,AS_NEW
10139511,https://www.immoweb.be/en/classified/new-real-estate-project-apartments/for-sale/wondelgem/9032/10139511?searchId=63393bc5dbcbf,9032,APARTMENT_GROUP,APARTMENT_GROUP,,group_sale,,,,False,False,,,,,,,1,,
10138534,https://www.immoweb.be/en/classified/apartment/for-sale/leuven/3010/10138534?searchId=63393bc5dbcbf,3010,APARTMENT,APARTMENT,310000,residential_sale,,103,SEMI_EQUIPPED,False,False,True,30,,,,,2,,GOOD
10139639,https://www.immoweb.be/en/classified/new-real-estate-project-apartments/for-sale/schilde/2970/10139639?searchId=63393bc5dbcbf,2970,APARTMENT_GROUP,APARTMENT_GROUP,,group_sale,,,,False,False,,,,,,,1,,
10138497,https://www.immoweb.be/en/classified/house/for-sale/ronse/9600/10138497?searchId=63393bc5dbcbf,9600,HOUSE,HOUSE,359000,residential_sale,,182,HYPER_EQUIPPED,False,False,True,25,True,952,1424,1424,3,False,AS_NEW
10140213,https://www.immoweb.be/en/classified/apartment/for-sale/wezembeek-oppem/1970/10140213?searchId=63393bc5dbcbf,1970,APARTMENT,APARTMENT,390000,residential_sale,,88,USA_INSTALLED,,False,True,8,,,,,1,False,JUST_RENOVATED
10138446,https://www.immoweb.be/en/classified/new-real-estate-project-houses/for-sale/wetteren/9230/10138446?searchId=63393bc5dbcbf,9230,HOUSE_GROUP,HOUSE_GROUP,,group_sale,,,,,False,,,,,,,1,,
10138601,https://www.immoweb.be/en/classified/new-real-estate-project-apartments/for-sale/uccle/1180/10138601?searchId=63393bc5dbcbf,1180,APARTMENT_GROUP,APARTMENT_GROUP,,group_sale,,,,,False,,,,,,,1,,
10138633,https://www.immoweb.be/en/classified/apartment/for-sale/woluwe-saint-lambert/1200/10138633?searchId=63393bc5dbcbf,1200,APARTMENT,APARTMENT,595000,residential_sale,,120,USA_HYPER_EQUIPPED,False,False,True,13,,,,,,False,AS_NEW
10138527,https://www.immoweb.be/en/classified/mixed-use-building/for-sale/grimbergen/1850/10138527?searchId=63393bc5dbcbf,1850,HOUSE,MIXED_USE_BUILDING,595000,residential_sale,,270,SEMI_EQUIPPED,False,False,,,True,400,1205,1205,3,,TO_RENOVATE
10138311,https://www.immoweb.be/en/classified/apartment-block/for-sale/ixelles/1050/10138311?searchId=63393bc5dbcbf,1050,HOUSE,APARTMENT_BLOCK,1000000,residential_sale,,340,HYPER_EQUIPPED,False,False,True,30,True,145,285,285,2,False,GOOD
10138267,https://www.immoweb.be/en/classified/villa/for-sale/sterrebeek/1933/10138267?searchId=63393bc5dbcbf,1933,HOUSE,VILLA,1195000,residential_sale,,540,INSTALLED,False,True,True,35,True,,1241,1241,4,,GOOD
10137075,https://www.immoweb.be/en/classified/flat-studio/for-sale/huy/4500/10137075?searchId=63393bc5dbcbf,4500,APARTMENT,FLAT_STUDIO,89000,residential_sale,,38,SEMI_EQUIPPED,False,False,,,,,,,4,,TO_BE_DONE_UP
10137774,https://www.immoweb.be/en/classified/new-real-estate-project-apartments/for-sale/brasschaat/2930/10137774?searchId=63393bc5dbcbf,2930,APARTMENT_GROUP,APARTMENT_GROUP,,group_sale,,,,False,False,,,,,,,1,,
10137594,https://www.immoweb.be/en/classified/flat-studio/for-sale/schaerbeek/1030/10137594?searchId=63393bc5dbcbf,1030,APARTMENT,FLAT_STUDIO,195000,residential_sale,,40,USA_SEMI_EQUIPPED,False,False,True,2,,,,,2,False,JUST_RENOVATED
10137324,https://www.immoweb.be/en/classified/new-real-estate-project-apartments/for-sale/anderlecht/1070/10137324?searchId=63393bc5dbcbf,1070,APARTMENT_GROUP,APARTMENT_GROUP,,group_sale,,,,,False,,,,,,,1,,
10137093,https://www.immoweb.be/en/classified/new-real-estate-project-apartments/for-sale/mortsel/2640/10137093?searchId=63393bc5dbcbf,2640,APARTMENT_GROUP,APARTMENT_GROUP,,group_sale,,,,False,False,,,,,,,1,,
10137385,https://www.immoweb.be/en/classified/apartment/for-sale/bruxelles/1000/10137385?searchId=63393bc5dbcbf,1000,APARTMENT,APARTMENT,275000,residential_sale,,76,HYPER_EQUIPPED,False,False,True,21,,,,,2,False,TO_BE_DONE_UP
10137418,https://www.immoweb.be/en/classified/new-real-estate-project-apartments/for-sale/olen/2250/10137418?searchId=63393bc5dbcbf,2250,APARTMENT_GROUP,APARTMENT_GROUP,,group_sale,,,,False,False,,,,,,,1,,
10138007,https://www.immoweb.be/en/classified/new-real-estate-project-houses/for-sale/forest/2430/10138007?searchId=63393bc5dbcbf,2430,HOUSE_GROUP,HOUSE_GROUP,,group_sale,,,,False,False,,,,,,,1,,
10135994,https://www.immoweb.be/en/classified/house/for-sale/woluwe-saint-pierre/1150/10135994?searchId=63393bc5dbcbf,1150,HOUSE,HOUSE,990000,residential_sale,5,388,USA_SEMI_EQUIPPED,False,False,True,38,True,135,387,387,2,False,GOOD
10144838,https://www.immoweb.be/en/classified/apartment/for-sale/deinze/9800/10144838?searchId=63393bc5dbcbf,9800,APARTMENT,APARTMENT,320000,residential_sale,,96,HYPER_EQUIPPED,False,False,True,16,True,,,,4,False,AS_NEW
10144841,https://www.immoweb.be/en/classified/apartment/for-sale/deinze/9800/10144841?searchId=63393bc5dbcbf,9800,APARTMENT,APARTMENT,375000,residential_sale,,91,HYPER_EQUIPPED,False,False,True,12,True,,,,4,False,AS_NEW
10144840,https://www.immoweb.be/en/classified/apartment/for-sale/deinze/9800/10144840?searchId=63393bc5dbcbf,9800,APARTMENT,APARTMENT,380000,residential_sale,,104,HYPER_EQUIPPED,False,False,True,12,True,,,,4,False,AS_NEW
10145147,https://www.immoweb.be/en/classified/country-cottage/for-sale/chaudfontaine-beaufays/4052/10145147?searchId=63393bc5dbcbf,4052,HOUSE,COUNTRY_COTTAGE,325000,residential_sale,,180,NOT_INSTALLED,False,False,True,,True,380,555,555,4,False,TO_RENOVATE
10145148,https://www.immoweb.be/en/classified/house/for-sale/schaerbeek/1030/10145148?searchId=63393bc5dbcbf,1030,HOUSE,HOUSE,700000,residential_sale,,323,USA_HYPER_EQUIPPED,False,False,True,27,,,100,100,2,True,GOOD
10106543,https://www.immoweb.be/en/classified/apartment/for-sale/brussel/1000/10106543?searchId=63393bcabc76c,1000,APARTMENT,APARTMENT,355000,residential_sale,,88,HYPER_EQUIPPED,False,False,,,,,,,2,,AS_NEW
10145628,https://www.immoweb.be/en/classified/apartment/for-sale/schaerbeek/1030/10145628?searchId=63393bcabc76c,1030,APARTMENT,APARTMENT,425000,residential_sale,,125,USA_HYPER_EQUIPPED,False,False,True,5,,,,,2,False,AS_NEW
10145274,https://www.immoweb.be/en/classified/apartment/for-sale/knokke-heist/8300/10145274?searchId=63393bcabc76c,8300,APARTMENT,APARTMENT,1775000,residential_sale,4,105,USA_HYPER_EQUIPPED,,False,True,,,,,,2,False,AS_NEW
10134617,https://www.immoweb.be/en/classified/new-real-estate-project-apartments/for-sale/bruxelles/1000/10134617?searchId=63393bcabc76c,1000,APARTMENT_GROUP,APARTMENT_GROUP,,group_sale,,,,False,False,,,,,,,1,,
10134010,https://www.immoweb.be/en/classified/apartment/for-sale/libramont-chevigny/6800/10134010?searchId=63393bcabc76c,6800,APARTMENT,APARTMENT,159000,residential_sale,,87,SEMI_EQUIPPED,False,False,True,2,,,,,,False,GOOD
10135516,https://www.immoweb.be/en/classified/new-real-estate-project-apartments/for-sale/kessel/2560/10135516?searchId=63393bcabc76c,2560,APARTMENT_GROUP,APARTMENT_GROUP,,group_sale,,,,False,False,,,,,,,1,,
10133974,https://www.immoweb.be/en/classified/new-real-estate-project-apartments/for-sale/gavere/9890/10133974?searchId=63393bcabc76c,9890,APARTMENT_GROUP,APARTMENT_GROUP,,group_sale,,,,,False,,,,,,,1,,
10135265,https://www.immoweb.be/en/classified/apartment/for-sale/sint-katelijne-waver/2860/10135265?searchId=63393bcabc76c,2860,APARTMENT,APARTMENT,235200,residential_sale,,112,SEMI_EQUIPPED,False,False,,,,,,,2,,GOOD
10134714,https://www.immoweb.be/en/classified/apartment/for-sale/woluwe-saint-lambert/1200/10134714?searchId=63393bcabc76c,1200,APARTMENT,APARTMENT,255000,residential_sale,,72,INSTALLED,False,False,True,6,,,,,,False,AS_NEW
10134345,https://www.immoweb.be/en/classified/apartment/for-sale/sint-katelijne-waver/2860/10134345?searchId=63393bcabc76c,2860,APARTMENT,APARTMENT,273000,residential_sale,,109,SEMI_EQUIPPED,False,False,True,10,,,,,2,,GOOD
10133958,https://www.immoweb.be/en/classified/apartment/for-sale/woluwe-saint-lambert/1200/10133958?searchId=63393bcabc76c,1200,APARTMENT,APARTMENT,320000,residential_sale,,77,HYPER_EQUIPPED,False,False,True,2,,,,,2,,JUST_RENOVATED
10134799,https://www.immoweb.be/en/classified/new-real-estate-project-houses/for-sale/lier/2500/10134799?searchId=63393bcabc76c,2500,HOUSE_GROUP,HOUSE_GROUP,,group_sale,,,,False,False,,,,,,,1,,
10134100,https://www.immoweb.be/en/classified/apartment/for-sale/merelbeke/9820/10134100?searchId=63393bcabc76c,9820,APARTMENT,APARTMENT,465000,residential_sale,,151,INSTALLED,False,False,,,,,,,2,,GOOD
10135164,https://www.immoweb.be/en/classified/villa/for-sale/braine-lalleud/1420/10135164?searchId=63393bcabc76c,1420,HOUSE,VILLA,1250000,residential_sale,,420,USA_HYPER_EQUIPPED,False,False,True,80,True,4300,4677,4677,4,False,AS_NEW
10123723,https://www.immoweb.be/en/classified/apartment/for-sale/ixelles/1050/10123723?searchId=63393bcabc76c,1050,APARTMENT,APARTMENT,1839000,residential_sale,4,203,HYPER_EQUIPPED,False,False,True,76,,,,,2,False,AS_NEW
10142950,https://www.immoweb.be/en/classified/house/for-sale/schaerbeek/1030/10142950?searchId=63393bcabc76c,1030,HOUSE,HOUSE,345000,residential_sale,,145,SEMI_EQUIPPED,False,False,True,25,,,75,75,2,False,TO_BE_DONE_UP
10068980,https://www.immoweb.be/en/classified/house/for-sale/steenokkerzeel-melsbroek/1820/10068980?searchId=63393bcabc76c,1820,HOUSE,HOUSE,499000,residential_sale,,170,HYPER_EQUIPPED,False,False,True,35,True,850,1090,1090,3,False,AS_NEW
10142944,https://www.immoweb.be/en/classified/house/for-sale/etterbeek/1040/10142944?searchId=63393bcabc76c,1040,HOUSE,HOUSE,600000,residential_sale,,171,INSTALLED,False,False,True,15,True,50,120,120,2,False,GOOD
10144440,https://www.immoweb.be/en/classified/manor-house/for-sale/kerkhove/8581/10144440?searchId=63393bcabc76c,8581,HOUSE,MANOR_HOUSE,695000,residential_sale,,350,INSTALLED,False,True,,,,,1996,1996,4,,JUST_RENOVATED
10144438,https://www.immoweb.be/en/classified/villa/for-sale/waregem/8790/10144438?searchId=63393bcabc76c,8790,HOUSE,VILLA,765000,residential_sale,,245,HYPER_EQUIPPED,False,True,,,True,,763,763,4,True,GOOD
10145547,https://www.immoweb.be/en/classified/apartment/for-sale/libin/6890/10145547?searchId=63393bcabc76c,6890,APARTMENT,APARTMENT,229900,residential_sale,,82,,False,False,True,6,,,,,,False,AS_NEW
10143355,https://www.immoweb.be/en/classified/flat-studio/for-sale/uccle/1180/10143355?searchId=63393bcabc76c,1180,APARTMENT,FLAT_STUDIO,180000,residential_sale,,46,HYPER_EQUIPPED,False,False,,,,,,,3,False,GOOD
10142974,https://www.immoweb.be/en/classified/apartment/for-sale/schaerbeek/1030/10142974?searchId=63393bcabc76c,1030,APARTMENT,APARTMENT,192500,residential_sale,,50,USA_INSTALLED,,False,True,,,,,,2,False,JUST_RENOVATED
10142946,https://www.immoweb.be/en/classified/apartment/for-sale/bruxelles/1000/10142946?searchId=63393bcabc76c,1000,APARTMENT,APARTMENT,280000,residential_sale,,84,INSTALLED,False,False,True,15,,,,,2,False,GOOD
10142945,https://www.immoweb.be/en/classified/apartment/for-sale/schaerbeek/1030/10142945?searchId=63393bcabc76c,1030,APARTMENT,APARTMENT,290000,residential_sale,,89,NOT_INSTALLED,False,False,,,,,,,2,False,TO_RENOVATE
10144016,https://www.immoweb.be/en/classified/duplex/for-sale/uccle/1180/10144016?searchId=63393bcabc76c,1180,APARTMENT,DUPLEX,455000,residential_sale,,154,INSTALLED,False,False,True,2,,,,,2,False,TO_BE_DONE_UP
10143662,https://www.immoweb.be/en/classified/duplex/for-sale/uccle/1180/10143662?searchId=63393bcabc76c,1180,APARTMENT,DUPLEX,455000,residential_sale,,154,INSTALLED,False,False,True,2,,,,,2,False,TO_BE_DONE_UP
10144443,https://www.immoweb.be/en/classified/apartment/for-sale/sint-eloois-vijve/8793/10144443?searchId=63393bcabc76c,8793,APARTMENT,APARTMENT,495000,residential_sale,,160,INSTALLED,False,False,True,50,,,,,4,,GOOD
10132395,https://www.immoweb.be/en/classified/penthouse/for-sale/evere/1140/10132395?searchId=63393bcabc76c,1140,APARTMENT,PENTHOUSE,520000,residential_sale,,119,USA_HYPER_EQUIPPED,False,False,True,12,,,,,2,False,AS_NEW
10142996,https://www.immoweb.be/en/classified/apartment/for-sale/knokke-heist/8300/10142996?searchId=63393bcabc76c,8300,APARTMENT,APARTMENT,1145000,residential_sale,3,88,HYPER_EQUIPPED,,False,True,,,,,,3,False,GOOD
10067960,https://www.immoweb.be/en/classified/new-real-estate-project-houses/for-sale/knokke-heist/8300/10067960?searchId=63393bd4aff6d,8300,HOUSE_GROUP,HOUSE_GROUP,,group_sale,,,,,False,,,,,,,1,,
10141775,https://www.immoweb.be/en/classified/house/for-sale/huy/4500/10141775?searchId=63393bd4aff6d,4500,HOUSE,HOUSE,199500,residential_sale,,160,INSTALLED,False,False,True,15,True,285,365,365,2,,GOOD
10140834,https://www.immoweb.be/en/classified/house/for-sale/remicourt/4350/10140834?searchId=63393bd4aff6d,4350,HOUSE,HOUSE,240000,residential_sale,,125,INSTALLED,False,False,True,20,True,540,620,620,4,False,GOOD
10145324,https://www.immoweb.be/en/classified/mixed-use-building/for-sale/hannut/4280/10145324?searchId=63393bd4aff6d,4280,HOUSE,MIXED_USE_BUILDING,750000,residential_sale,,276,USA_HYPER_EQUIPPED,False,False,True,,True,3500,4541,4541,4,False,AS_NEW
10145548,https://www.immoweb.be/en/classified/apartment/for-sale/libramont-chevigny-presseux/6800/10145548?searchId=63393bd4aff6d,6800,APARTMENT,APARTMENT,214900,residential_sale,,83,,False,False,True,8,,,,,,False,AS_NEW
10142987,https://www.immoweb.be/en/classified/penthouse/for-sale/ixelles/1050/10142987?searchId=63393bd4aff6d,1050,APARTMENT,PENTHOUSE,1995000,residential_sale,5,277,USA_HYPER_EQUIPPED,False,False,True,111,,,,,4,False,AS_NEW
9933883,https://www.immoweb.be/en/classified/duplex/for-sale/molenbeek-saint-jean/1080/9933883?searchId=63393bd4aff6d,1080,APARTMENT,DUPLEX,185000,residential_sale,,120,NOT_INSTALLED,False,False,,,,,,,2,False,TO_RENOVATE
10142647,https://www.immoweb.be/en/classified/apartment/for-sale/anderlecht/1070/10142647?searchId=63393bd4aff6d,1070,APARTMENT,APARTMENT,199990,residential_sale,,99,SEMI_EQUIPPED,False,False,True,7,,,,,3,False,TO_BE_DONE_UP
10142404,https://www.immoweb.be/en/classified/apartment/for-sale/anderlecht/1070/10142404?searchId=63393bd4aff6d,1070,APARTMENT,APARTMENT,255000,residential_sale,,66,USA_SEMI_EQUIPPED,False,False,True,13,,,,,4,False,AS_NEW
10142522,https://www.immoweb.be/en/classified/apartment/for-sale/bruxelles/1000/10142522?searchId=63393bd4aff6d,1000,APARTMENT,APARTMENT,285000,residential_sale,,70,USA_UNINSTALLED,False,False,,,,,,,2,False,JUST_RENOVATED
10140627,https://www.immoweb.be/en/classified/duplex/for-sale/ixelles/1050/10140627?searchId=63393bd4aff6d,1050,APARTMENT,DUPLEX,395000,residential_sale,,98,USA_SEMI_EQUIPPED,False,False,,,,,,,2,False,GOOD
10132517,https://www.immoweb.be/en/classified/new-real-estate-project-apartments/for-sale/evergem-sleidinge/9940/10132517?searchId=63393bd4aff6d,9940,APARTMENT_GROUP,APARTMENT_GROUP,,group_sale,,,,,False,,,,,,,1,,
10132414,https://www.immoweb.be/en/classified/new-real-estate-project-apartments/for-sale/zaventem/1930/10132414?searchId=63393bd4aff6d,1930,APARTMENT_GROUP,APARTMENT_GROUP,,group_sale,,,,,False,,,,,,,1,,
10133282,https://www.immoweb.be/en/classified/new-real-estate-project-apartments/for-sale/heist-op-den-berg/2220/10133282?searchId=63393bd4aff6d,2220,APARTMENT_GROUP,APARTMENT_GROUP,,group_sale,,,,False,False,,,,,,,1,,
10132585,https://www.immoweb.be/en/classified/new-real-estate-project-houses/for-sale/deinze/9800/10132585?searchId=63393bd4aff6d,9800,HOUSE_GROUP,HOUSE_GROUP,,group_sale,,,,,False,,,,,,,1,,
10133244,https://www.immoweb.be/en/classified/apartment/for-sale/schaerbeek/1030/10133244?searchId=63393bd4aff6d,1030,APARTMENT,APARTMENT,414355,residential_sale,,105,INSTALLED,False,False,True,3,,,,,2,,JUST_RENOVATED
10133243,https://www.immoweb.be/en/classified/apartment/for-sale/schaerbeek/1030/10133243?searchId=63393bd4aff6d,1030,APARTMENT,APARTMENT,414355,residential_sale,,105,INSTALLED,False,False,True,3,,,,,2,,JUST_RENOVATED
10133247,https://www.immoweb.be/en/classified/apartment/for-sale/schaerbeek/1030/10133247?searchId=63393bd4aff6d,1030,APARTMENT,APARTMENT,426205,residential_sale,,108,INSTALLED,False,False,True,3,,,,,2,,JUST_RENOVATED
10133248,https://www.immoweb.be/en/classified/apartment/for-sale/schaerbeek/1030/10133248?searchId=63393bd4aff6d,1030,APARTMENT,APARTMENT,458150,residential_sale,,120,INSTALLED,False,False,True,3,,,,,2,,JUST_RENOVATED
10133242,https://www.immoweb.be/en/classified/apartment/for-sale/schaerbeek/1030/10133242?searchId=63393bd4aff6d,1030,APARTMENT,APARTMENT,458150,residential_sale,,120,INSTALLED,False,False,True,3,,,,,2,,JUST_RENOVATED
10132433,https://www.immoweb.be/en/classified/new-real-estate-project-houses/for-sale/zaventem/1930/10132433?searchId=63393bd4aff6d,1930,HOUSE_GROUP,HOUSE_GROUP,,group_sale,,,,,False,,,,,,,1,,
10139841,https://www.immoweb.be/en/classified/house/for-sale/auderghem/1160/10139841?searchId=63393bd4aff6d,1160,HOUSE,HOUSE,649000,residential_sale,,219,NOT_INSTALLED,False,False,True,25,True,36,135,135,2,False,TO_BE_DONE_UP
10144439,https://www.immoweb.be/en/classified/house/for-sale/kuurne/8520/10144439?searchId=63393bd4aff6d,8520,HOUSE,HOUSE,310000,residential_sale,,190,INSTALLED,False,False,True,,,,518,518,3,,GOOD
10064809,https://www.immoweb.be/en/classified/country-cottage/for-sale/hannut/4280/10064809?searchId=63393bd4aff6d,4280,HOUSE,COUNTRY_COTTAGE,750000,residential_sale,,276,USA_HYPER_EQUIPPED,False,False,True,40,True,3500,4541,4541,4,False,AS_NEW
10138245,https://www.immoweb.be/en/classified/duplex/for-sale/waregem/8790/10138245?searchId=63393bd4aff6d,8790,APARTMENT,DUPLEX,265000,residential_sale,,111,,False,False,True,9,,,,,,,GOOD
10139971,https://www.immoweb.be/en/classified/apartment/for-sale/bruxelles/1000/10139971?searchId=63393bd4aff6d,1000,APARTMENT,APARTMENT,360000,residential_sale,,88,USA_HYPER_EQUIPPED,,False,True,7,,,,,2,False,GOOD
10138809,https://www.immoweb.be/en/classified/apartment/for-sale/uccle/1180/10138809?searchId=63393bd4aff6d,1180,APARTMENT,APARTMENT,375000,residential_sale,,100,USA_INSTALLED,False,False,,,,,,,2,False,GOOD
10132758,https://www.immoweb.be/en/classified/apartment/for-sale/libramont-chevigny/6800/10132758?searchId=63393bd4aff6d,6800,APARTMENT,APARTMENT,174900,residential_sale,,53,INSTALLED,False,False,True,5,,,,,,False,AS_NEW
10143811,https://www.immoweb.be/en/classified/apartment/for-sale/laeken-(bru.)/1020/10143811?searchId=63393bd4aff6d,1020,APARTMENT,APARTMENT,195000,residential_sale,,80,NOT_INSTALLED,False,False,True,17,,,,,,,GOOD
10143596,https://www.immoweb.be/en/classified/apartment/for-sale/anderlecht/1070/10143596?searchId=63393bd4aff6d,1070,APARTMENT,APARTMENT,269000,residential_sale,,113,HYPER_EQUIPPED,False,False,True,5,,,,,3,,AS_NEW
10144383,https://www.immoweb.be/en/classified/duplex/for-sale/laeken/1020/10144383?searchId=63393bdaa4195,1020,APARTMENT,DUPLEX,325000,residential_sale,,145,USA_SEMI_EQUIPPED,False,False,True,3,,,,,2,False,GOOD
10130207,https://www.immoweb.be/en/classified/house/for-sale/saint-nicolas/4420/10130207?searchId=63393bdaa4195,4420,HOUSE,HOUSE,120000,residential_sale,,93,INSTALLED,False,False,True,,,,43,43,3,False,GOOD
10130562,https://www.immoweb.be/en/classified/new-real-estate-project-apartments/for-sale/nivelles/1400/10130562?searchId=63393bdaa4195,1400,APARTMENT_GROUP,APARTMENT_GROUP,,group_sale,,,,,False,,,,,,,1,,
10130394,https://www.immoweb.be/en/classified/new-real-estate-project-apartments/for-sale/deinze/9800/10130394?searchId=63393bdaa4195,9800,APARTMENT_GROUP,APARTMENT_GROUP,,group_sale,,,,,False,,,,,,,1,,
10130670,https://www.immoweb.be/en/classified/apartment-block/for-sale/welkenraedt/4841/10130670?searchId=63393bdaa4195,4841,HOUSE,APARTMENT_BLOCK,255000,residential_sale,,230,USA_INSTALLED,False,False,,,True,339,432,432,3,False,GOOD
10130669,https://www.immoweb.be/en/classified/house/for-sale/welkenraedt/4841/10130669?searchId=63393bdaa4195,4841,HOUSE,HOUSE,255000,residential_sale,,230,USA_INSTALLED,False,False,,,True,339,432,432,3,False,GOOD
10130240,https://www.immoweb.be/en/classified/apartment/for-sale/brussels-city/1000/10130240?searchId=63393bdaa4195,1000,APARTMENT,APARTMENT,265000,residential_sale,,67,USA_HYPER_EQUIPPED,True,False,True,10,,,,,2,,GOOD
10128207,https://www.immoweb.be/en/classified/apartment/for-sale/bruxelles/1000/10128207?searchId=63393bdaa4195,1000,APARTMENT,APARTMENT,350000,residential_sale,,65,USA_HYPER_EQUIPPED,True,False,True,11,,,,,2,,AS_NEW
10131451,https://www.immoweb.be/en/classified/apartment/for-sale/uccle/1180/10131451?searchId=63393bdaa4195,1180,APARTMENT,APARTMENT,395000,residential_sale,,90,HYPER_EQUIPPED,False,False,True,5,,,,,2,False,AS_NEW
10131537,https://www.immoweb.be/en/classified/apartment/for-sale/etterbeek/1040/10131537?searchId=63393bdaa4195,1040,APARTMENT,APARTMENT,414355,residential_sale,,105,INSTALLED,False,False,True,3,,,,,2,,JUST_RENOVATED
10131532,https://www.immoweb.be/en/classified/apartment/for-sale/etterbeek/1040/10131532?searchId=63393bdaa4195,1040,APARTMENT,APARTMENT,414355,residential_sale,,105,INSTALLED,False,False,True,3,,,,,2,,JUST_RENOVATED
10131536,https://www.immoweb.be/en/classified/apartment/for-sale/woluwe-saint-pierre/1150/10131536?searchId=63393bdaa4195,1150,APARTMENT,APARTMENT,414355,residential_sale,,105,INSTALLED,False,False,True,3,,,,,2,,JUST_RENOVATED
10131533,https://www.immoweb.be/en/classified/apartment/for-sale/etterbeek/1040/10131533?searchId=63393bdaa4195,1040,APARTMENT,APARTMENT,426205,residential_sale,,108,INSTALLED,False,False,True,3,,,,,2,,JUST_RENOVATED
10131538,https://www.immoweb.be/en/classified/apartment/for-sale/woluwe-saint-pierre/1150/10131538?searchId=63393bdaa4195,1150,APARTMENT,APARTMENT,426205,residential_sale,,108,INSTALLED,False,False,True,3,,,,,2,,JUST_RENOVATED
10131302,https://www.immoweb.be/en/classified/new-real-estate-project-houses/for-sale/sint-katelijne-waver/2860/10131302?searchId=63393bdaa4195,2860,HOUSE_GROUP,HOUSE_GROUP,,group_sale,,,,False,False,,,,,,,1,,
10131088,https://www.immoweb.be/en/classified/apartment/for-sale/woluwe-saint-lambert/1200/10131088?searchId=63393bdaa4195,1200,APARTMENT,APARTMENT,450000,residential_sale,,120,HYPER_EQUIPPED,False,False,True,6,,,,,2,,AS_NEW
10131544,https://www.immoweb.be/en/classified/apartment/for-sale/etterbeek/1040/10131544?searchId=63393bdaa4195,1040,APARTMENT,APARTMENT,458150,residential_sale,,120,INSTALLED,False,False,True,3,,,,,2,,JUST_RENOVATED
10131541,https://www.immoweb.be/en/classified/apartment/for-sale/etterbeek/1040/10131541?searchId=63393bdaa4195,1040,APARTMENT,APARTMENT,458150,residential_sale,,120,INSTALLED,False,False,True,3,,,,,2,,JUST_RENOVATED
10131539,https://www.immoweb.be/en/classified/apartment/for-sale/etterbeek/1040/10131539?searchId=63393bdaa4195,1040,APARTMENT,APARTMENT,458150,residential_sale,,120,INSTALLED,False,False,True,3,,,,,2,,JUST_RENOVATED
10131535,https://www.immoweb.be/en/classified/apartment/for-sale/etterbeek/1040/10131535?searchId=63393bdaa4195,1040,APARTMENT,APARTMENT,458150,residential_sale,,120,INSTALLED,False,False,True,3,,,,,2,,JUST_RENOVATED
10131545,https://www.immoweb.be/en/classified/apartment/for-sale/woluwe-saint-pierre/1150/10131545?searchId=63393bdaa4195,1150,APARTMENT,APARTMENT,458150,residential_sale,,120,INSTALLED,False,False,True,3,,,,,2,,JUST_RENOVATED
10131542,https://www.immoweb.be/en/classified/apartment/for-sale/woluwe-saint-pierre/1150/10131542?searchId=63393bdaa4195,1150,APARTMENT,APARTMENT,458150,residential_sale,,120,INSTALLED,False,False,True,3,,,,,2,,JUST_RENOVATED
10131540,https://www.immoweb.be/en/classified/apartment/for-sale/woluwe-saint-pierre/1150/10131540?searchId=63393bdaa4195,1150,APARTMENT,APARTMENT,458150,residential_sale,,120,INSTALLED,False,False,True,3,,,,,2,,JUST_RENOVATED
10131534,https://www.immoweb.be/en/classified/apartment/for-sale/woluwe-saint-lambert/1200/10131534?searchId=63393bdaa4195,1200,APARTMENT,APARTMENT,458150,residential_sale,,120,INSTALLED,False,False,True,3,,,,,2,,JUST_RENOVATED
10130961,https://www.immoweb.be/en/classified/apartment/for-sale/leuven/3000/10130961?searchId=63393bdaa4195,3000,APARTMENT,APARTMENT,545000,residential_sale,,135,INSTALLED,False,False,,,,,,,2,,JUST_RENOVATED
10131360,https://www.immoweb.be/en/classified/new-real-estate-project-apartments/for-sale/wenduine/8420/10131360?searchId=63393bdaa4195,8420,APARTMENT_GROUP,APARTMENT_GROUP,,group_sale,,,,,False,,,,,,,1,,
10130457,https://www.immoweb.be/en/classified/new-real-estate-project-apartments/for-sale/uccle/1180/10130457?searchId=63393bdaa4195,1180,APARTMENT_GROUP,APARTMENT_GROUP,,group_sale,,,,,False,,,,,,,1,,
10131901,https://www.immoweb.be/en/classified/penthouse/for-sale/wevelgem/8560/10131901?searchId=63393bdaa4195,8560,APARTMENT,PENTHOUSE,699000,residential_sale,,223,INSTALLED,False,False,True,37,,,,,3,,AS_NEW
10136405,https://www.immoweb.be/en/classified/house/for-sale/saint-georges-sur-meuse/4470/10136405?searchId=63393bdaa4195,4470,HOUSE,HOUSE,229500,residential_sale,,171,INSTALLED,False,False,True,,True,305,665,665,2,,GOOD
10137914,https://www.immoweb.be/en/classified/house/for-sale/relegem/1731/10137914?searchId=63393bdaa4195,1731,HOUSE,HOUSE,595000,residential_sale,,220,INSTALLED,False,False,True,100,,,422,422,4,,AS_NEW
10137617,https://www.immoweb.be/en/classified/other-property/for-sale/arc-wattripont/7910/10137617?searchId=63393bdf7eedc,7910,HOUSE,OTHER_PROPERTY,645000,residential_sale,,260,INSTALLED,False,False,True,,True,,2901,2901,4,,GOOD
10137614,https://www.immoweb.be/en/classified/villa/for-sale/arc-wattripont/7910/10137614?searchId=63393bdf7eedc,7910,HOUSE,VILLA,645000,residential_sale,,260,INSTALLED,False,False,True,,True,,2901,2901,4,,GOOD
10140917,https://www.immoweb.be/en/classified/house/for-sale/genappe/1470/10140917?searchId=63393bdf7eedc,1470,HOUSE,HOUSE,175000,residential_sale,,95,NOT_INSTALLED,False,False,True,,,,260,260,2,,TO_BE_DONE_UP
10141767,https://www.immoweb.be/en/classified/house/for-sale/habay/6720/10141767?searchId=63393bdf7eedc,6720,HOUSE,HOUSE,200000,residential_sale,,256,NOT_INSTALLED,,False,True,,True,348,568,568,3,False,TO_RENOVATE
10145344,https://www.immoweb.be/en/classified/house/for-sale/ronse/9600/10145344?searchId=63393bdf7eedc,9600,HOUSE,HOUSE,109000,residential_sale,,127,SEMI_EQUIPPED,False,False,,,True,35,100,100,2,False,TO_RENOVATE
10126217,https://www.immoweb.be/en/classified/apartment/for-sale/wavre/1300/10126217?searchId=63393bdf7eedc,1300,APARTMENT,APARTMENT,269000,residential_sale,,82,USA_HYPER_EQUIPPED,False,False,True,18,,,,,2,False,AS_NEW
10136353,https://www.immoweb.be/en/classified/apartment/for-sale/bruxelles/1000/10136353?searchId=63393bdf7eedc,1000,APARTMENT,APARTMENT,285000,residential_sale,,70,USA_HYPER_EQUIPPED,,False,True,2,,,,,,,AS_NEW
10126219,https://www.immoweb.be/en/classified/apartment/for-sale/wavre/1300/10126219?searchId=63393bdf7eedc,1300,APARTMENT,APARTMENT,299000,residential_sale,,82,USA_HYPER_EQUIPPED,False,False,True,18,,,,,2,False,AS_NEW
10137997,https://www.immoweb.be/en/classified/apartment/for-sale/kortrijk/8500/10137997?searchId=63393bdf7eedc,8500,APARTMENT,APARTMENT,315000,residential_sale,,100,INSTALLED,False,False,True,12,,,,,2,,AS_NEW
10126205,https://www.immoweb.be/en/classified/apartment/for-sale/lasne/1380/10126205?searchId=63393bdf7eedc,1380,APARTMENT,APARTMENT,375000,residential_sale,,108,USA_HYPER_EQUIPPED,,False,True,11,,,,,,False,AS_NEW
10126204,https://www.immoweb.be/en/classified/apartment/for-sale/lasne/1380/10126204?searchId=63393bdf7eedc,1380,APARTMENT,APARTMENT,385000,residential_sale,,114,USA_HYPER_EQUIPPED,,False,True,4,,,,,,False,AS_NEW
10126213,https://www.immoweb.be/en/classified/penthouse/for-sale/waterloo/1410/10126213?searchId=63393bdf7eedc,1410,APARTMENT,PENTHOUSE,445000,residential_sale,,124,NOT_INSTALLED,,False,True,15,,,,,2,False,AS_NEW
10125915,https://www.immoweb.be/en/classified/penthouse/for-sale/evere/1140/10125915?searchId=63393bdf7eedc,1140,APARTMENT,PENTHOUSE,495000,residential_sale,,125,USA_HYPER_EQUIPPED,False,False,True,21,,,,,2,False,AS_NEW
10145124,https://www.immoweb.be/en/classified/villa/for-sale/waregem/8790/10145124?searchId=63393bdf7eedc,8790,HOUSE,VILLA,575000,residential_sale,,225,INSTALLED,False,False,,,,,764,764,4,,JUST_RENOVATED
10136049,https://www.immoweb.be/en/classified/duplex/for-sale/ixelles/1050/10136049?searchId=63393bdf7eedc,1050,APARTMENT,DUPLEX,645000,residential_sale,,151,SEMI_EQUIPPED,False,False,True,25,,,,,2,,TO_BE_DONE_UP
10144839,https://www.immoweb.be/en/classified/apartment/for-sale/deinze/9800/10144839?searchId=63393bdf7eedc,9800,APARTMENT,APARTMENT,230000,residential_sale,,63,HYPER_EQUIPPED,False,False,True,10,True,,,,4,False,AS_NEW
10144837,https://www.immoweb.be/en/classified/apartment/for-sale/deinze/9800/10144837?searchId=63393bdf7eedc,9800,APARTMENT,APARTMENT,370000,residential_sale,,85,HYPER_EQUIPPED,False,False,True,28,True,,,,4,False,AS_NEW
10144826,https://www.immoweb.be/en/classified/apartment/for-sale/nazareth/9810/10144826?searchId=63393bdf7eedc,9810,APARTMENT,APARTMENT,437000,residential_sale,,127,HYPER_EQUIPPED,False,False,True,20,True,,,,4,False,AS_NEW
10130390,https://www.immoweb.be/en/classified/apartment/for-sale/deinze/9800/10130390?searchId=63393bdf7eedc,9800,APARTMENT,APARTMENT,230000,residential_sale,,63,HYPER_EQUIPPED,False,False,True,10,,,,,2,False,AS_NEW
10130391,https://www.immoweb.be/en/classified/apartment/for-sale/deinze/9800/10130391?searchId=63393bdf7eedc,9800,APARTMENT,APARTMENT,245000,residential_sale,,63,HYPER_EQUIPPED,False,False,True,10,,,,,2,False,AS_NEW
10130393,https://www.immoweb.be/en/classified/apartment/for-sale/deinze/9800/10130393?searchId=63393bdf7eedc,9800,APARTMENT,APARTMENT,320000,residential_sale,,96,HYPER_EQUIPPED,False,False,True,16,,,,,2,False,AS_NEW
10130389,https://www.immoweb.be/en/classified/apartment/for-sale/deinze/9800/10130389?searchId=63393bdf7eedc,9800,APARTMENT,APARTMENT,390000,residential_sale,,99,HYPER_EQUIPPED,False,False,True,12,,,,,2,False,AS_NEW
10129045,https://www.immoweb.be/en/classified/apartment/for-sale/liege/4000/10129045?searchId=63393bdf7eedc,4000,APARTMENT,APARTMENT,155000,annuity_monthly_amount,,98,SEMI_EQUIPPED,False,False,True,5,,,,,2,,GOOD
10084941,https://www.immoweb.be/en/classified/apartment/for-sale/gavere/9890/10084941?searchId=63393bdf7eedc,9890,APARTMENT,APARTMENT,220000,residential_sale,,78,HYPER_EQUIPPED,False,False,True,10,,,,,4,False,AS_NEW
10129674,https://www.immoweb.be/en/classified/apartment/for-sale/vilvoorde/1800/10129674?searchId=63393bdf7eedc,1800,APARTMENT,APARTMENT,225000,residential_sale,,70,HYPER_EQUIPPED,False,False,,,,,,,2,False,AS_NEW
10129231,https://www.immoweb.be/en/classified/new-real-estate-project-apartments/for-sale/forest/1190/10129231?searchId=63393bdf7eedc,1190,APARTMENT_GROUP,APARTMENT_GROUP,,group_sale,,,,,False,,,,,,,1,,
10129312,https://www.immoweb.be/en/classified/new-real-estate-project-apartments/for-sale/zeebrugge/8380/10129312?searchId=63393bdf7eedc,8380,APARTMENT_GROUP,APARTMENT_GROUP,,group_sale,,,,,False,,,,,,,1,,
10129060,https://www.immoweb.be/en/classified/new-real-estate-project-apartments/for-sale/scherpenheuvel/3270/10129060?searchId=63393bdf7eedc,3270,APARTMENT_GROUP,APARTMENT_GROUP,,group_sale,,,,False,False,,,,,,,1,,
10084890,https://www.immoweb.be/en/classified/apartment/for-sale/gavere/9890/10084890?searchId=63393bdf7eedc,9890,APARTMENT,APARTMENT,254000,residential_sale,,76,HYPER_EQUIPPED,False,False,True,11,,,,,4,,AS_NEW
10129360,https://www.immoweb.be/en/classified/new-real-estate-project-apartments/for-sale/zeebrugge/8380/10129360?searchId=63393bdf7eedc,8380,APARTMENT_GROUP,APARTMENT_GROUP,,group_sale,,,,,False,,,,,,,1,,
10084884,https://www.immoweb.be/en/classified/apartment/for-sale/gavere/9890/10084884?searchId=63393be4b3d5a,9890,APARTMENT,APARTMENT,259000,residential_sale,,76,HYPER_EQUIPPED,False,False,True,11,,,,,4,False,AS_NEW
10062881,https://www.immoweb.be/en/classified/10062881,9052,HOUSE,HOUSE,298500,residential_sale,,144,,False,False,,,True,220,365,365,,False,AS_NEW
10128083,https://www.immoweb.be/en/classified/new-real-estate-project-apartments/for-sale/uccle/1180/10128083?searchId=63393be4b3d5a,1180,APARTMENT_GROUP,APARTMENT_GROUP,,group_sale,,,,,False,,,,,,,1,,
10050268,https://www.immoweb.be/en/classified/apartment/for-sale/leuven/3000/10050268?searchId=63393be4b3d5a,3000,APARTMENT,APARTMENT,269000,residential_sale,,82,SEMI_EQUIPPED,False,False,True,3,,,,,2,,TO_BE_DONE_UP
10084865,https://www.immoweb.be/en/classified/apartment/for-sale/gavere/9890/10084865?searchId=63393be4b3d5a,9890,APARTMENT,APARTMENT,280000,residential_sale,,95,HYPER_EQUIPPED,False,False,True,11,,,,,4,False,AS_NEW
10084862,https://www.immoweb.be/en/classified/apartment/for-sale/gavere/9890/10084862?searchId=63393be4b3d5a,9890,APARTMENT,APARTMENT,280000,residential_sale,,95,HYPER_EQUIPPED,False,False,True,11,,,,,4,False,AS_NEW
10084860,https://www.immoweb.be/en/classified/apartment/for-sale/gavere/9890/10084860?searchId=63393be4b3d5a,9890,APARTMENT,APARTMENT,280000,residential_sale,,95,HYPER_EQUIPPED,False,False,True,12,,,,,4,,AS_NEW
10084867,https://www.immoweb.be/en/classified/apartment/for-sale/gavere/9890/10084867?searchId=63393be4b3d5a,9890,APARTMENT,APARTMENT,287500,residential_sale,,97,HYPER_EQUIPPED,False,False,True,11,,,,,4,,AS_NEW
10129823,https://www.immoweb.be/en/classified/apartment/for-sale/brussels-city/1000/10129823?searchId=63393be4b3d5a,1000,APARTMENT,APARTMENT,289000,residential_sale,,70,INSTALLED,False,False,,,,,,,,,GOOD
9966662,https://www.immoweb.be/en/classified/apartment/for-sale/woluwe-saint-lambert/1200/9966662?searchId=63393be4b3d5a,1200,APARTMENT,APARTMENT,310000,residential_sale,,90,USA_HYPER_EQUIPPED,False,False,True,18,,,,,2,False,JUST_RENOVATED
10129594,https://www.immoweb.be/en/classified/new-real-estate-project-houses/for-sale/ronse/9600/10129594?searchId=63393be4b3d5a,9600,HOUSE_GROUP,HOUSE_GROUP,,group_sale,,,,False,False,,,,,,,1,,
10084889,https://www.immoweb.be/en/classified/apartment/for-sale/gavere/9890/10084889?searchId=63393be4b3d5a,9890,APARTMENT,APARTMENT,317500,residential_sale,,97,HYPER_EQUIPPED,False,False,True,10,,,,,4,False,AS_NEW
10084887,https://www.immoweb.be/en/classified/apartment/for-sale/gavere/9890/10084887?searchId=63393be4b3d5a,9890,APARTMENT,APARTMENT,320000,residential_sale,,97,HYPER_EQUIPPED,False,False,True,10,,,,,4,False,AS_NEW
10084943,https://www.immoweb.be/en/classified/apartment/for-sale/gavere/9890/10084943?searchId=63393be4b3d5a,9890,APARTMENT,APARTMENT,335000,residential_sale,,101,HYPER_EQUIPPED,False,False,True,9,,,,,4,False,AS_NEW
10084856,https://www.immoweb.be/en/classified/apartment/for-sale/gavere/9890/10084856?searchId=63393be4b3d5a,9890,APARTMENT,APARTMENT,339000,residential_sale,,101,HYPER_EQUIPPED,False,False,True,9,,,,,4,False,AS_NEW
10129298,https://www.immoweb.be/en/classified/new-real-estate-project-apartments/for-sale/zeebrugge/8380/10129298?searchId=63393be4b3d5a,8380,APARTMENT_GROUP,APARTMENT_GROUP,,group_sale,,,,,False,,,,,,,1,,
10129326,https://www.immoweb.be/en/classified/new-real-estate-project-apartments/for-sale/zeebrugge/8380/10129326?searchId=63393be4b3d5a,8380,APARTMENT_GROUP,APARTMENT_GROUP,,group_sale,,,,,False,,,,,,,1,,
10084891,https://www.immoweb.be/en/classified/apartment/for-sale/gavere/9890/10084891?searchId=63393be4b3d5a,9890,APARTMENT,APARTMENT,345000,residential_sale,,112,HYPER_EQUIPPED,False,False,True,10,,,,,4,False,AS_NEW
10084885,https://www.immoweb.be/en/classified/apartment/for-sale/gavere/9890/10084885?searchId=63393be4b3d5a,9890,APARTMENT,APARTMENT,349000,residential_sale,,111,HYPER_EQUIPPED,False,False,True,10,,,,,4,False,AS_NEW
10084882,https://www.immoweb.be/en/classified/apartment/for-sale/gavere/9890/10084882?searchId=63393be4b3d5a,9890,APARTMENT,APARTMENT,349000,residential_sale,,110,HYPER_EQUIPPED,False,False,True,10,,,,,4,False,AS_NEW
10084886,https://www.immoweb.be/en/classified/apartment/for-sale/gavere/9890/10084886?searchId=63393be4b3d5a,9890,APARTMENT,APARTMENT,350000,residential_sale,,115,HYPER_EQUIPPED,False,False,True,11,,,,,4,,AS_NEW
10084892,https://www.immoweb.be/en/classified/apartment/for-sale/gavere/9890/10084892?searchId=63393be4b3d5a,9890,APARTMENT,APARTMENT,355000,residential_sale,,126,HYPER_EQUIPPED,False,False,True,11,,,,,4,False,AS_NEW
10084888,https://www.immoweb.be/en/classified/apartment/for-sale/gavere/9890/10084888?searchId=63393be4b3d5a,9890,APARTMENT,APARTMENT,360000,residential_sale,,126,HYPER_EQUIPPED,False,False,True,11,,,,,4,False,AS_NEW
10084883,https://www.immoweb.be/en/classified/apartment/for-sale/gavere/9890/10084883?searchId=63393be4b3d5a,9890,APARTMENT,APARTMENT,399000,residential_sale,,165,HYPER_EQUIPPED,False,False,True,11,,,,,4,False,AS_NEW
10084858,https://www.immoweb.be/en/classified/duplex/for-sale/gavere/9890/10084858?searchId=63393be4b3d5a,9890,APARTMENT,DUPLEX,415000,residential_sale,,146,HYPER_EQUIPPED,False,False,True,11,,,,,4,False,AS_NEW
10084857,https://www.immoweb.be/en/classified/duplex/for-sale/gavere/9890/10084857?searchId=63393be4b3d5a,9890,APARTMENT,DUPLEX,420000,residential_sale,,148,HYPER_EQUIPPED,False,False,True,11,,,,,4,False,AS_NEW
10084942,https://www.immoweb.be/en/classified/penthouse/for-sale/gavere/9890/10084942?searchId=63393be4b3d5a,9890,APARTMENT,PENTHOUSE,465000,residential_sale,,134,HYPER_EQUIPPED,False,False,True,29,,,,,4,False,AS_NEW
10127969,https://www.immoweb.be/en/classified/new-real-estate-project-houses/for-sale/perk/1820/10127969?searchId=63393be4b3d5a,1820,HOUSE_GROUP,HOUSE_GROUP,,group_sale,,,,,False,,,,,,,1,,
9592954,https://www.immoweb.be/en/classified/apartment/for-sale/bruxelles-ville/1000/9592954?searchId=63393be4b3d5a,1000,APARTMENT,APARTMENT,675000,residential_sale,,112,HYPER_EQUIPPED,False,False,True,5,,,,,2,,AS_NEW
9996903,https://www.immoweb.be/en/classified/apartment/for-sale/ixelles/1050/9996903?searchId=63393be4b3d5a,1050,APARTMENT,APARTMENT,695000,residential_sale,,107,NOT_INSTALLED,False,False,True,24,,,,,2,,JUST_RENOVATED
10042906,https://www.immoweb.be/en/classified/apartment/for-sale/ixelles/1050/10042906?searchId=63393be4b3d5a,1050,APARTMENT,APARTMENT,1537000,residential_sale,3,160,HYPER_EQUIPPED,False,False,True,91,,,,,2,False,AS_NEW
10134094,https://www.immoweb.be/en/classified/house/for-sale/evere/1140/10134094?searchId=63393bf41f42b,1140,HOUSE,HOUSE,499000,residential_sale,,155,USA_HYPER_EQUIPPED,False,False,True,27,,,177,177,2,False,GOOD
8556707,https://www.immoweb.be/en/classified/8556707,1140,APARTMENT_GROUP,APARTMENT_GROUP,,group_sale,,,,,False,,,,,,,1,,
10136081,https://www.immoweb.be/en/classified/flat-studio/for-sale/auderghem/1160/10136081?searchId=63393bf41f42b,1160,APARTMENT,FLAT_STUDIO,257500,residential_sale,,48,USA_HYPER_EQUIPPED,False,False,True,8,,,,,,False,AS_NEW
10135499,https://www.immoweb.be/en/classified/flat-studio/for-sale/kortrijk/8500/10135499?searchId=63393bf41f42b,8500,APARTMENT,FLAT_STUDIO,78000,residential_sale,,25,SEMI_EQUIPPED,False,False,,,,,,,3,,GOOD
10134092,https://www.immoweb.be/en/classified/apartment/for-sale/woluwe-saint-lambert/1200/10134092?searchId=63393bf41f42b,1200,APARTMENT,APARTMENT,245000,residential_sale,,55,INSTALLED,False,False,,,,,,,2,False,GOOD
10134895,https://www.immoweb.be/en/classified/apartment/for-sale/evere/1140/10134895?searchId=63393bf41f42b,1140,APARTMENT,APARTMENT,285000,residential_sale,,115,INSTALLED,False,False,True,7,,,,,2,,GOOD
10135293,https://www.immoweb.be/en/classified/apartment/for-sale/saint-gilles/1060/10135293?searchId=63393bf41f42b,1060,APARTMENT,APARTMENT,295000,residential_sale,,65,SEMI_EQUIPPED,False,False,,,,,,,2,,JUST_RENOVATED
10143558,https://www.immoweb.be/en/classified/house/for-sale/roosdaal/1760/10143558?searchId=63393bf41f42b,1760,HOUSE,HOUSE,980000,residential_sale,,265,HYPER_EQUIPPED,False,False,,,,,3300,3300,4,False,JUST_RENOVATED
10142968,https://www.immoweb.be/en/classified/apartment-block/for-sale/forest/1190/10142968?searchId=63393bf41f42b,1190,HOUSE,APARTMENT_BLOCK,1300000,residential_sale,,600,NOT_INSTALLED,False,False,True,5,,,100,100,2,False,GOOD
10141047,https://www.immoweb.be/en/classified/apartment/for-sale/herselt/2230/10141047?searchId=63393bf41f42b,2230,APARTMENT,APARTMENT,329000,residential_sale,,116,HYPER_EQUIPPED,,False,True,9,,,,,3,,AS_NEW
10141043,https://www.immoweb.be/en/classified/apartment/for-sale/herselt/2230/10141043?searchId=63393bf41f42b,2230,APARTMENT,APARTMENT,363250,residential_sale,,124,HYPER_EQUIPPED,,False,True,32,,,,,2,False,AS_NEW
10126585,https://www.immoweb.be/en/classified/new-real-estate-project-apartments/for-sale/halle/1500/10126585?searchId=63393bf41f42b,1500,APARTMENT_GROUP,APARTMENT_GROUP,,group_sale,,,,,False,,,,,,,1,,
10124116,https://www.immoweb.be/en/classified/flat-studio/for-sale/uccle/1180/10124116?searchId=63393bf41f42b,1180,APARTMENT,FLAT_STUDIO,159000,residential_sale,,30,INSTALLED,True,False,,,,,,,,False,GOOD
10126151,https://www.immoweb.be/en/classified/house/for-sale/zottegem/9620/10126151?searchId=63393bf41f42b,9620,HOUSE,HOUSE,225000,residential_sale,,194,SEMI_EQUIPPED,False,False,True,14,,,100,100,2,False,TO_BE_DONE_UP
10127031,https://www.immoweb.be/en/classified/new-real-estate-project-apartments/for-sale/herenthout/2270/10127031?searchId=63393bf41f42b,2270,APARTMENT_GROUP,APARTMENT_GROUP,,group_sale,,,,False,False,,,,,,,1,,
10126809,https://www.immoweb.be/en/classified/new-real-estate-project-apartments/for-sale/strombeek-bever/1853/10126809?searchId=63393bf41f42b,1853,APARTMENT_GROUP,APARTMENT_GROUP,,group_sale,,,,False,False,,,,,,,1,,
10127081,https://www.immoweb.be/en/classified/new-real-estate-project-apartments/for-sale/zeebrugge/8380/10127081?searchId=63393bf41f42b,8380,APARTMENT_GROUP,APARTMENT_GROUP,,group_sale,,,,,False,,,,,,,1,,
10126863,https://www.immoweb.be/en/classified/apartment/for-sale/schaerbeek/1030/10126863?searchId=63393bf41f42b,1030,APARTMENT,APARTMENT,329000,residential_sale,,106,INSTALLED,False,False,True,10,,,,,2,,GOOD
10127053,https://www.immoweb.be/en/classified/new-real-estate-project-houses/for-sale/herenthout/2270/10127053?searchId=63393bf41f42b,2270,HOUSE_GROUP,HOUSE_GROUP,,group_sale,,,,False,False,,,,,,,1,,
10125918,https://www.immoweb.be/en/classified/apartment/for-sale/uccle/1180/10125918?searchId=63393bf41f42b,1180,APARTMENT,APARTMENT,398000,residential_sale,,116,HYPER_EQUIPPED,False,False,True,6,,,,,2,False,GOOD
10127823,https://www.immoweb.be/en/classified/villa/for-sale/rixensart/1330/10127823?searchId=63393bf41f42b,1330,HOUSE,VILLA,499000,residential_sale,,187,INSTALLED,False,False,True,2240,True,360,412,412,4,False,GOOD
10125926,https://www.immoweb.be/en/classified/apartment/for-sale/saint-gilles/1060/10125926?searchId=63393bf41f42b,1060,APARTMENT,APARTMENT,695000,residential_sale,,185,HYPER_EQUIPPED,False,False,,,,,,,2,False,AS_NEW
10127813,https://www.immoweb.be/en/classified/house/for-sale/grez-doiceau/1390/10127813?searchId=63393bf41f42b,1390,HOUSE,HOUSE,750000,residential_sale,,220,INSTALLED,False,False,True,108,True,720,815,815,3,False,JUST_RENOVATED
10088204,https://www.immoweb.be/en/classified/house/for-sale/ixelles/1050/10088204?searchId=63393bf41f42b,1050,HOUSE,HOUSE,1050000,residential_sale,5,235,INSTALLED,False,False,True,,True,150,271,271,2,False,TO_RENOVATE
10126511,https://www.immoweb.be/en/classified/house/for-sale/tervuren/3080/10126511?searchId=63393bf41f42b,3080,HOUSE,HOUSE,1375000,residential_sale,,350,HYPER_EQUIPPED,False,True,True,100,True,1300,1557,1557,4,,GOOD
10143928,https://www.immoweb.be/en/classified/flat-studio/for-sale/watermael-boitsfort/1170/10143928?searchId=63393bf41f42b,1170,APARTMENT,FLAT_STUDIO,169500,residential_sale,,50,SEMI_EQUIPPED,False,False,,,,,,,4,False,AS_NEW
10143828,https://www.immoweb.be/en/classified/apartment/for-sale/middelkerke/8430/10143828?searchId=63393bf41f42b,8430,APARTMENT,APARTMENT,295000,residential_sale,,70,INSTALLED,True,False,,,,,,,2,,JUST_RENOVATED
10136523,https://www.immoweb.be/en/classified/other-property/for-sale/rendeux/6987/10136523?searchId=63393bf41f42b,6987,HOUSE,OTHER_PROPERTY,85000,residential_sale,,100,NOT_INSTALLED,False,False,True,,,,80,80,2,False,TO_RENOVATE
10133967,https://www.immoweb.be/en/classified/service-flat/for-sale/gavere/9890/10133967?searchId=63393bf41f42b,9890,APARTMENT,SERVICE_FLAT,220000,residential_sale,,56,HYPER_EQUIPPED,False,False,True,12,,,,,,False,AS_NEW
10133966,https://www.immoweb.be/en/classified/service-flat/for-sale/gavere/9890/10133966?searchId=63393bf41f42b,9890,APARTMENT,SERVICE_FLAT,220000,residential_sale,,56,HYPER_EQUIPPED,False,False,True,12,,,,,,False,AS_NEW
10133965,https://www.immoweb.be/en/classified/service-flat/for-sale/gavere/9890/10133965?searchId=63393bf41f42b,9890,APARTMENT,SERVICE_FLAT,220000,residential_sale,,56,HYPER_EQUIPPED,False,False,True,12,,,,,,False,AS_NEW
10133964,https://www.immoweb.be/en/classified/service-flat/for-sale/gavere/9890/10133964?searchId=63393bfb32155,9890,APARTMENT,SERVICE_FLAT,220000,residential_sale,,56,HYPER_EQUIPPED,False,False,True,12,,,,,,False,AS_NEW
10133963,https://www.immoweb.be/en/classified/service-flat/for-sale/gavere/9890/10133963?searchId=63393bfb32155,9890,APARTMENT,SERVICE_FLAT,220000,residential_sale,,56,HYPER_EQUIPPED,False,False,True,12,,,,,,False,AS_NEW
10133962,https://www.immoweb.be/en/classified/service-flat/for-sale/gavere/9890/10133962?searchId=63393bfb32155,9890,APARTMENT,SERVICE_FLAT,220000,residential_sale,,56,HYPER_EQUIPPED,False,False,True,12,,,,,,False,AS_NEW
10133961,https://www.immoweb.be/en/classified/service-flat/for-sale/gavere/9890/10133961?searchId=63393bfb32155,9890,APARTMENT,SERVICE_FLAT,220000,residential_sale,,56,HYPER_EQUIPPED,False,False,True,12,,,,,,False,AS_NEW
10133960,https://www.immoweb.be/en/classified/service-flat/for-sale/gavere/9890/10133960?searchId=63393bfb32155,9890,APARTMENT,SERVICE_FLAT,220000,residential_sale,,56,HYPER_EQUIPPED,False,False,True,12,,,,,,False,AS_NEW
10140836,https://www.immoweb.be/en/classified/house/for-sale/ronse/9600/10140836?searchId=63393bfb32155,9600,HOUSE,HOUSE,189000,residential_sale,,144,HYPER_EQUIPPED,False,False,True,10,True,60,170,170,2,False,GOOD
10133907,https://www.immoweb.be/en/classified/apartment/for-sale/molenbeek-saint-jean/1080/10133907?searchId=63393bfb32155,1080,APARTMENT,APARTMENT,245000,residential_sale,,110,INSTALLED,,False,True,,,,,,2,False,GOOD
10142388,https://www.immoweb.be/en/classified/house/for-sale/dworp/1653/10142388?searchId=63393bfb32155,1653,HOUSE,HOUSE,448000,residential_sale,,150,INSTALLED,False,False,True,,,,429,429,3,,GOOD
10142685,https://www.immoweb.be/en/classified/house/for-sale/jette/1090/10142685?searchId=63393bfb32155,1090,HOUSE,HOUSE,449990,residential_sale,,255,INSTALLED,False,False,,,True,67,149,149,2,False,TO_BE_DONE_UP
10145131,https://www.immoweb.be/en/classified/house/for-sale/bornival/1404/10145131?searchId=63393bfb32155,1404,HOUSE,HOUSE,349000,residential_sale,,117,USA_HYPER_EQUIPPED,False,False,True,30,True,250,407,407,3,False,JUST_RENOVATED
10145138,https://www.immoweb.be/en/classified/house/for-sale/auderghem/1160/10145138?searchId=63393bfb32155,1160,HOUSE,HOUSE,495000,residential_sale,,122,INSTALLED,False,False,True,40,True,100,235,235,3,False,TO_BE_DONE_UP
10137375,https://www.immoweb.be/en/classified/apartment/for-sale/brussels-city/1000/10137375?searchId=63393bfb32155,1000,APARTMENT,APARTMENT,245000,residential_sale,,65,INSTALLED,False,False,,,,,,,4,False,AS_NEW
10137624,https://www.immoweb.be/en/classified/apartment/for-sale/waregem/8790/10137624?searchId=63393bfb32155,8790,APARTMENT,APARTMENT,285000,residential_sale,,133,INSTALLED,False,False,True,60,,,,,,,GOOD
10123521,https://www.immoweb.be/en/classified/flat-studio/for-sale/schaerbeek/1030/10123521?searchId=63393bfb32155,1030,APARTMENT,FLAT_STUDIO,155000,residential_sale,,32,INSTALLED,True,False,True,13,,,,,2,False,GOOD
9933753,https://www.immoweb.be/en/classified/apartment/for-sale/saint-gilles/1060/9933753?searchId=63393bfb32155,1060,APARTMENT,APARTMENT,220000,residential_sale,,45,INSTALLED,False,False,,,,,,,2,False,GOOD
10125493,https://www.immoweb.be/en/classified/apartment/for-sale/antwerp/2660/10125493?searchId=63393bfb32155,2660,APARTMENT,APARTMENT,249000,residential_sale,,60,INSTALLED,False,False,True,17,,,,,3,,AS_NEW
10123690,https://www.immoweb.be/en/classified/new-real-estate-project-apartments/for-sale/wavre/1300/10123690?searchId=63393bfb32155,1300,APARTMENT_GROUP,APARTMENT_GROUP,,group_sale,,,,False,False,,,,,,,1,,
10123681,https://www.immoweb.be/en/classified/new-real-estate-project-apartments/for-sale/bierges/1301/10123681?searchId=63393bfb32155,1301,APARTMENT_GROUP,APARTMENT_GROUP,,group_sale,,,,False,False,,,,,,,1,,
10123455,https://www.immoweb.be/en/classified/new-real-estate-project-houses/for-sale/gent-sint-amandsberg/9040/10123455?searchId=63393bfb32155,9040,HOUSE_GROUP,HOUSE_GROUP,,group_sale,,,,,False,,,,,,,1,,
10123656,https://www.immoweb.be/en/classified/new-real-estate-project-apartments/for-sale/chaumont-gistoux/1325/10123656?searchId=63393bfb32155,1325,APARTMENT_GROUP,APARTMENT_GROUP,,group_sale,,,,False,False,,,,,,,1,,
10123669,https://www.immoweb.be/en/classified/new-real-estate-project-apartments/for-sale/gistoux/1325/10123669?searchId=63393bfb32155,1325,APARTMENT_GROUP,APARTMENT_GROUP,,group_sale,,,,False,False,,,,,,,1,,
8889382,https://www.immoweb.be/en/classified/new-real-estate-project-apartments/for-sale/woluwe-st-lambert/1200/8889382?searchId=63393bfb32155,1200,APARTMENT_GROUP,APARTMENT_GROUP,,group_sale,,,,,False,,,,,,,1,,
10123715,https://www.immoweb.be/en/classified/apartment-block/for-sale/bruxelles/1000/10123715?searchId=63393bfb32155,1000,HOUSE,APARTMENT_BLOCK,2498000,residential_sale,,570,USA_SEMI_EQUIPPED,True,False,True,32,True,145,314,314,2,False,AS_NEW
10144829,https://www.immoweb.be/en/classified/apartment/for-sale/kruisem/9770/10144829?searchId=63393bfb32155,9770,APARTMENT,APARTMENT,342175,residential_sale,,116,INSTALLED,,False,True,25,True,,,,,False,AS_NEW
10134578,https://www.immoweb.be/en/classified/house/for-sale/alsemberg/1652/10134578?searchId=63393bfb32155,1652,HOUSE,HOUSE,545000,residential_sale,,180,INSTALLED,False,True,True,30,True,530,700,700,4,,GOOD
10145298,https://www.immoweb.be/en/classified/service-flat/for-sale/gent/9051/10145298?searchId=63393bfb32155,9051,APARTMENT,SERVICE_FLAT,175000,residential_sale,,,HYPER_EQUIPPED,False,False,True,6,,,,,2,True,AS_NEW
10145273,https://www.immoweb.be/en/classified/apartment/for-sale/knokke/8300/10145273?searchId=63393bfb32155,8300,APARTMENT,APARTMENT,675000,residential_sale,,84,HYPER_EQUIPPED,True,False,,,,,,,2,False,AS_NEW
10132378,https://www.immoweb.be/en/classified/apartment/for-sale/evere/1140/10132378?searchId=63393bfb32155,1140,APARTMENT,APARTMENT,165000,residential_sale,,53,,False,False,,,,,,,2,,TO_BE_DONE_UP
10132462,https://www.immoweb.be/en/classified/apartment/for-sale/anderlecht/1070/10132462?searchId=63393bfb32155,1070,APARTMENT,APARTMENT,170000,residential_sale,,57,INSTALLED,False,False,True,3,,,,,2,False,GOOD
10132769,https://www.immoweb.be/en/classified/duplex/for-sale/dilbeek/1700/10132769?searchId=63393bfb32155,1700,APARTMENT,DUPLEX,229000,residential_sale,,130,HYPER_EQUIPPED,False,False,,,,,,,2,False,TO_RESTORE
10132866,https://www.immoweb.be/en/classified/apartment/for-sale/bruxelles/1000/10132866?searchId=63393c00d78f8,1000,APARTMENT,APARTMENT,620000,residential_sale,,155,INSTALLED,False,False,True,3,,,,,2,False,GOOD
10132300,https://www.immoweb.be/en/classified/penthouse/for-sale/woluwe-saint-lambert/1200/10132300?searchId=63393c00d78f8,1200,APARTMENT,PENTHOUSE,885000,residential_sale,,225,HYPER_EQUIPPED,False,False,True,25,,,,,4,False,AS_NEW
10144445,https://www.immoweb.be/en/classified/house/for-sale/sint-baafs-vijve/8710/10144445?searchId=63393c00d78f8,8710,HOUSE,HOUSE,225000,residential_sale,,150,SEMI_EQUIPPED,False,False,,,,,321,321,3,,TO_BE_DONE_UP
10143183,https://www.immoweb.be/en/classified/villa/for-sale/mol/2400/10143183?searchId=63393c00d78f8,2400,HOUSE,VILLA,449000,residential_sale,,200,HYPER_EQUIPPED,,False,True,,True,700,836,836,4,False,JUST_RENOVATED
10143853,https://www.immoweb.be/en/classified/house/for-sale/kapellen/2950/10143853?searchId=63393c00d78f8,2950,HOUSE,HOUSE,589000,residential_sale,,234,HYPER_EQUIPPED,False,False,True,36,True,400,594,594,3,False,AS_NEW
10135278,https://www.immoweb.be/en/classified/apartment/for-sale/gent/9000/10135278?searchId=63393c00d78f8,9000,APARTMENT,APARTMENT,279000,residential_sale,,86,INSTALLED,False,False,True,,,,,,2,,GOOD
10135013,https://www.immoweb.be/en/classified/loft/for-sale/sint-pieters-leeuw/1600/10135013?searchId=63393c00d78f8,1600,APARTMENT,LOFT,330000,residential_sale,,150,USA_HYPER_EQUIPPED,False,False,True,,,,,,2,False,AS_NEW
10121408,https://www.immoweb.be/en/classified/house/for-sale/saint-hubert/6870/10121408?searchId=63393c00d78f8,6870,HOUSE,HOUSE,175000,residential_sale,,124,NOT_INSTALLED,False,False,True,10,,,721,721,2,False,AS_NEW
10122662,https://www.immoweb.be/en/classified/new-real-estate-project-apartments/for-sale/braine-le-comte/7090/10122662?searchId=63393c00d78f8,7090,APARTMENT_GROUP,APARTMENT_GROUP,,group_sale,,,,False,False,,,,,,,1,,
10121714,https://www.immoweb.be/en/classified/new-real-estate-project-apartments/for-sale/soignies/7060/10121714?searchId=63393c00d78f8,7060,APARTMENT_GROUP,APARTMENT_GROUP,,group_sale,,,,False,False,,,,,,,1,,
10122494,https://www.immoweb.be/en/classified/apartment/for-sale/bruxelles/1020/10122494?searchId=63393c00d78f8,1020,APARTMENT,APARTMENT,295000,residential_sale,,88,USA_HYPER_EQUIPPED,False,False,True,2,True,25,,,2,False,JUST_RENOVATED
10121699,https://www.immoweb.be/en/classified/villa/for-sale/soignies/7060/10121699?searchId=63393c00d78f8,7060,HOUSE,VILLA,325000,residential_sale,,220,INSTALLED,False,False,True,,True,,1578,1578,4,,TO_BE_DONE_UP
10123137,https://www.immoweb.be/en/classified/new-real-estate-project-apartments/for-sale/kruisem/9750/10123137?searchId=63393c00d78f8,9750,APARTMENT_GROUP,APARTMENT_GROUP,,group_sale,,,,,False,,,,,,,1,,
10121703,https://www.immoweb.be/en/classified/new-real-estate-project-houses/for-sale/soignies/7060/10121703?searchId=63393c00d78f8,7060,HOUSE_GROUP,HOUSE_GROUP,,group_sale,,,,False,False,,,,,,,1,,
10122155,https://www.immoweb.be/en/classified/new-real-estate-project-apartments/for-sale/sterrebeek/1933/10122155?searchId=63393c00d78f8,1933,APARTMENT_GROUP,APARTMENT_GROUP,,group_sale,,,,False,False,,,,,,,1,,
10102594,https://www.immoweb.be/en/classified/apartment/for-sale/ixelles/1050/10102594?searchId=63393c00d78f8,1050,APARTMENT,APARTMENT,395000,residential_sale,,85,USA_HYPER_EQUIPPED,False,False,True,4,,,,,2,,GOOD
10122283,https://www.immoweb.be/en/classified/house/for-sale/durbuy/6941/10122283?searchId=63393c00d78f8,6941,HOUSE,HOUSE,550000,residential_sale,,330,USA_HYPER_EQUIPPED,False,False,True,,True,1110,1110,1110,3,False,AS_NEW
10140554,https://www.immoweb.be/en/classified/apartment/for-sale/auderghem/1160/10140554?searchId=63393c00d78f8,1160,APARTMENT,APARTMENT,322000,residential_sale,,66,USA_HYPER_EQUIPPED,False,False,True,10,,,,,,False,
10130500,https://www.immoweb.be/en/classified/house/for-sale/la-roche-en-ardenne/6980/10130500?searchId=63393c00d78f8,6980,HOUSE,HOUSE,225000,residential_sale,,300,NOT_INSTALLED,False,False,,,True,700,780,780,3,False,TO_RENOVATE
10130224,https://www.immoweb.be/en/classified/house/for-sale/saint-josse-ten-noode/1210/10130224?searchId=63393c00d78f8,1210,HOUSE,HOUSE,495000,residential_sale,,191,USA_HYPER_EQUIPPED,False,False,True,20,True,50,136,136,2,False,AS_NEW
10130723,https://www.immoweb.be/en/classified/house/for-sale/etterbeek/1040/10130723?searchId=63393c00d78f8,1040,HOUSE,HOUSE,550000,residential_sale,,200,SEMI_EQUIPPED,False,False,,,True,60,200,200,2,False,TO_RENOVATE
10130217,https://www.immoweb.be/en/classified/house/for-sale/kraainem/1950/10130217?searchId=63393c00d78f8,1950,HOUSE,HOUSE,1400000,residential_sale,7,450,USA_INSTALLED,,False,True,,True,550,873,873,4,False,GOOD
10145283,https://www.immoweb.be/en/classified/apartment/for-sale/gent-sint-denijs-westrem/9051/10145283?searchId=63393c00d78f8,9051,APARTMENT,APARTMENT,369000,residential_sale,,85,HYPER_EQUIPPED,False,False,True,5,,,,,2,False,AS_NEW
10145280,https://www.immoweb.be/en/classified/apartment/for-sale/gent-sint-denijs-westrem/9051/10145280?searchId=63393c00d78f8,9051,APARTMENT,APARTMENT,370000,residential_sale,,85,HYPER_EQUIPPED,False,False,True,8,,,,,2,False,AS_NEW
10145284,https://www.immoweb.be/en/classified/apartment/for-sale/gent-sint-denijs-westrem/9051/10145284?searchId=63393c00d78f8,9051,APARTMENT,APARTMENT,398000,residential_sale,,94,HYPER_EQUIPPED,False,False,True,4,,,,,2,False,AS_NEW
10145282,https://www.immoweb.be/en/classified/apartment/for-sale/gent-sint-denijs-westrem/9051/10145282?searchId=63393c00d78f8,9051,APARTMENT,APARTMENT,398000,residential_sale,,95,HYPER_EQUIPPED,False,False,True,3,,,,,2,False,AS_NEW
10145279,https://www.immoweb.be/en/classified/apartment/for-sale/gent-sint-denijs-westrem/9051/10145279?searchId=63393c00d78f8,9051,APARTMENT,APARTMENT,459000,residential_sale,,108,HYPER_EQUIPPED,False,False,True,4,,,,,2,False,AS_NEW
10144879,https://www.immoweb.be/en/classified/flat-studio/for-sale/oostende/8400/10144879?searchId=63393c00d78f8,8400,APARTMENT,FLAT_STUDIO,149000,residential_sale,,45,INSTALLED,True,False,,,,,,,,False,GOOD
10065267,https://www.immoweb.be/en/classified/ground-floor/for-sale/verviers/4800/10065267?searchId=63393c00d78f8,4800,APARTMENT,GROUND_FLOOR,174000,residential_sale,,100,INSTALLED,False,False,True,28,,,,,3,False,JUST_RENOVATED
10143013,https://www.immoweb.be/en/classified/apartment/for-sale/deinze/9800/10143013?searchId=63393c00d78f8,9800,APARTMENT,APARTMENT,183380,residential_sale,,80,INSTALLED,False,False,True,,,,,,2,,TO_BE_DONE_UP
10145981,https://www.immoweb.be/en/classified/apartment/for-sale/edegem/2650/10145981?searchId=63393c0ebf09d,2650,APARTMENT,APARTMENT,269000,residential_sale,,72,USA_INSTALLED,False,False,True,8,,,,,,,
10132397,https://www.immoweb.be/en/classified/penthouse/for-sale/uccle/1180/10132397?searchId=63393c0ebf09d,1180,APARTMENT,PENTHOUSE,406000,residential_sale,,92,USA_HYPER_EQUIPPED,False,False,True,31,,,,,2,False,AS_NEW
10132381,https://www.immoweb.be/en/classified/apartment/for-sale/auderghem/1160/10132381?searchId=63393c0ebf09d,1160,APARTMENT,APARTMENT,531500,residential_sale,,104,USA_HYPER_EQUIPPED,False,False,True,25,,,,,2,False,AS_NEW
10131170,https://www.immoweb.be/en/classified/apartment/for-sale/herstal/4040/10131170?searchId=63393c0ebf09d,4040,APARTMENT,APARTMENT,199000,residential_sale,,95,,False,False,,,,,,,3,,GOOD
10131191,https://www.immoweb.be/en/classified/apartment/for-sale/beerzel/2580/10131191?searchId=63393c0ebf09d,2580,APARTMENT,APARTMENT,299500,residential_sale,,67,INSTALLED,False,False,True,7,,,,,,,GOOD
10131239,https://www.immoweb.be/en/classified/penthouse/for-sale/bruxelles/1000/10131239?searchId=63393c0ebf09d,1000,APARTMENT,PENTHOUSE,480000,residential_sale,,100,USA_HYPER_EQUIPPED,True,False,True,50,,,,,2,,AS_NEW
10136628,https://www.immoweb.be/en/classified/house/for-sale/kraainem/1950/10136628?searchId=63393c0ebf09d,1950,HOUSE,HOUSE,510000,residential_sale,,129,HYPER_EQUIPPED,False,False,True,10,True,515,714,714,3,False,TO_RENOVATE
10130181,https://www.immoweb.be/en/classified/apartment/for-sale/etterbeek/1040/10130181?searchId=63393c0ebf09d,1040,APARTMENT,APARTMENT,590000,residential_sale,,170,SEMI_EQUIPPED,False,False,True,18,,,,,2,False,GOOD
10136103,https://www.immoweb.be/en/classified/villa/for-sale/wezembeek-oppem/1970/10136103?searchId=63393c0ebf09d,1970,HOUSE,VILLA,845000,residential_sale,,185,HYPER_EQUIPPED,False,False,True,10,True,600,614,614,4,False,GOOD
10137631,https://www.immoweb.be/en/classified/villa/for-sale/marke/8510/10137631?searchId=63393c0ebf09d,8510,HOUSE,VILLA,1450000,residential_sale,5,515,INSTALLED,False,True,,,True,,3781,3781,4,,GOOD
10140811,https://www.immoweb.be/en/classified/house/for-sale/obaix/6230/10140811?searchId=63393c0ebf09d,6230,HOUSE,HOUSE,249000,residential_sale,,190,INSTALLED,False,False,True,,True,1000,1250,1250,4,False,TO_BE_DONE_UP
10141228,https://www.immoweb.be/en/classified/house/for-sale/vance/6741/10141228?searchId=63393c0ebf09d,6741,HOUSE,HOUSE,249000,residential_sale,,387,SEMI_EQUIPPED,False,False,,,True,,427,427,3,,TO_RENOVATE
10142413,https://www.immoweb.be/en/classified/house/for-sale/evere/1140/10142413?searchId=63393c0ebf09d,1140,HOUSE,HOUSE,275000,residential_sale,,140,,False,False,,,True,32,112,112,2,False,TO_RENOVATE
10142219,https://www.immoweb.be/en/classified/house/for-sale/jette/1090/10142219?searchId=63393c0ebf09d,1090,HOUSE,HOUSE,530000,residential_sale,,203,NOT_INSTALLED,False,False,True,9,True,105,192,192,2,False,TO_RENOVATE
10142247,https://www.immoweb.be/en/classified/house/for-sale/kalmthout/2920/10142247?searchId=63393c0ebf09d,2920,HOUSE,HOUSE,595000,residential_sale,,185,INSTALLED,False,True,True,,,,1525,1525,4,,GOOD
10121168,https://www.immoweb.be/en/classified/new-real-estate-project-apartments/for-sale/uccle/1180/10121168?searchId=63393c0ebf09d,1180,APARTMENT_GROUP,APARTMENT_GROUP,,group_sale,,,,,False,,,,,,,1,,
10076787,https://www.immoweb.be/en/classified/new-real-estate-project-apartments/for-sale/werchter/3118/10076787?searchId=63393c0ebf09d,3118,APARTMENT_GROUP,APARTMENT_GROUP,,group_sale,,,,False,False,,,,,,,1,,
10120695,https://www.immoweb.be/en/classified/new-real-estate-project-apartments/for-sale/gent-sint-denijs-westrem/9051/10120695?searchId=63393c0ebf09d,9051,APARTMENT_GROUP,APARTMENT_GROUP,,group_sale,,,,,False,,,,,,,1,,
10120621,https://www.immoweb.be/en/classified/apartment/for-sale/woluwe-saint-pierre/1150/10120621?searchId=63393c0ebf09d,1150,APARTMENT,APARTMENT,490000,residential_sale,,100,HYPER_EQUIPPED,False,False,True,7,,,,,2,False,AS_NEW
10135992,https://www.immoweb.be/en/classified/flat-studio/for-sale/woluwe-saint-lambert/1200/10135992?searchId=63393c0ebf09d,1200,APARTMENT,FLAT_STUDIO,145000,residential_sale,,23,INSTALLED,,False,,,,,,,,False,AS_NEW
10084879,https://www.immoweb.be/en/classified/house/for-sale/gavere/9890/10084879?searchId=63393c0ebf09d,9890,HOUSE,HOUSE,325000,residential_sale,,144,HYPER_EQUIPPED,False,False,True,12,True,37,193,193,2,False,AS_NEW
10084878,https://www.immoweb.be/en/classified/house/for-sale/gavere/9890/10084878?searchId=63393c0ebf09d,9890,HOUSE,HOUSE,325000,residential_sale,,144,HYPER_EQUIPPED,False,False,True,12,True,39,195,195,2,False,AS_NEW
10084880,https://www.immoweb.be/en/classified/house/for-sale/gavere/9890/10084880?searchId=63393c0ebf09d,9890,HOUSE,HOUSE,339000,residential_sale,,144,HYPER_EQUIPPED,False,False,True,12,True,35,191,191,3,False,AS_NEW
10084877,https://www.immoweb.be/en/classified/house/for-sale/gavere/9890/10084877?searchId=63393c0ebf09d,9890,HOUSE,HOUSE,345000,residential_sale,,152,HYPER_EQUIPPED,False,False,True,12,True,44,208,208,3,False,AS_NEW
9651402,https://www.immoweb.be/en/classified/house/for-sale/affligem/1790/9651402?searchId=63393c0ebf09d,1790,HOUSE,HOUSE,403950,residential_sale,,215,USA_HYPER_EQUIPPED,False,False,True,,,,321,321,3,False,AS_NEW
10129206,https://www.immoweb.be/en/classified/house/for-sale/berchem-sainte-agathe/1082/10129206?searchId=63393c0ebf09d,1082,HOUSE,HOUSE,595000,residential_sale,,313,HYPER_EQUIPPED,False,False,True,60,True,155,270,270,3,True,AS_NEW
10129702,https://www.immoweb.be/en/classified/house/for-sale/beersel/1650/10129702?searchId=63393c0ebf09d,1650,HOUSE,HOUSE,695000,residential_sale,,180,INSTALLED,False,False,True,,,,1169,1169,4,,GOOD
10129695,https://www.immoweb.be/en/classified/house/for-sale/huizingen/1654/10129695?searchId=63393c0ebf09d,1654,HOUSE,HOUSE,695000,residential_sale,,180,INSTALLED,False,False,True,,,,1169,1169,4,,GOOD
10128557,https://www.immoweb.be/en/classified/villa/for-sale/blanden/3052/10128557?searchId=63393c0ebf09d,3052,HOUSE,VILLA,785000,residential_sale,,258,USA_HYPER_EQUIPPED,False,False,,,,,1120,1120,4,,GOOD
10128483,https://www.immoweb.be/en/classified/apartment-block/for-sale/jette/1090/10128483?searchId=63393c0ebf09d,1090,HOUSE,APARTMENT_BLOCK,849000,residential_sale,,200,SEMI_EQUIPPED,False,False,True,20,True,19,154,154,2,False,GOOD
10065530,https://www.immoweb.be/en/classified/house/for-sale/saint-hubert/6870/10065530?searchId=63393c145bdda,6870,HOUSE,HOUSE,99000,residential_sale,,193,NOT_INSTALLED,,False,True,,True,80,196,196,2,False,TO_RENOVATE
8819492,https://www.immoweb.be/en/classified/8819492,6900,APARTMENT_GROUP,APARTMENT_GROUP,,group_sale,,,,,False,,,,,,,1,,
10141426,https://www.immoweb.be/en/classified/apartment/for-sale/amay/4540/10141426?searchId=63393c145bdda,4540,APARTMENT,APARTMENT,145000,residential_sale,,70,INSTALLED,False,False,True,12,,,,,,,GOOD
10049044,https://www.immoweb.be/en/classified/apartment/for-sale/ganshoren/1083/10049044?searchId=63393c145bdda,1083,APARTMENT,APARTMENT,210000,residential_sale,,80,NOT_INSTALLED,False,False,True,6,,,,,2,False,TO_BE_DONE_UP
10130967,https://www.immoweb.be/en/classified/apartment/for-sale/auderghem/1160/10130967?searchId=63393c145bdda,1160,APARTMENT,APARTMENT,322000,residential_sale,,66,USA_HYPER_EQUIPPED,False,False,True,10,,,,,,False,AS_NEW
10142210,https://www.immoweb.be/en/classified/apartment/for-sale/neder-over-heembeek/1120/10142210?searchId=63393c145bdda,1120,APARTMENT,APARTMENT,350000,residential_sale,,150,INSTALLED,False,False,True,12,,,,,2,False,GOOD
10130392,https://www.immoweb.be/en/classified/apartment/for-sale/deinze/9800/10130392?searchId=63393c145bdda,9800,APARTMENT,APARTMENT,365000,residential_sale,,,HYPER_EQUIPPED,False,False,True,12,,,,,2,False,AS_NEW
10141258,https://www.immoweb.be/en/classified/apartment/for-sale/schaerbeek/1030/10141258?searchId=63393c145bdda,1030,APARTMENT,APARTMENT,950000,residential_sale,,240,USA_HYPER_EQUIPPED,False,False,True,15,True,60,,,2,,JUST_RENOVATED
10134388,https://www.immoweb.be/en/classified/house/for-sale/amay/4540/10134388?searchId=63393c145bdda,4540,HOUSE,HOUSE,189500,residential_sale,,150,SEMI_EQUIPPED,False,False,True,,,,700,700,4,,TO_RENOVATE
10088030,https://www.immoweb.be/en/classified/flat-studio/for-sale/jette/1090/10088030?searchId=63393c145bdda,1090,APARTMENT,FLAT_STUDIO,210000,residential_sale,,60,USA_HYPER_EQUIPPED,,False,,,,,,,,,AS_NEW
10128205,https://www.immoweb.be/en/classified/flat-studio/for-sale/anderlecht/1070/10128205?searchId=63393c145bdda,1070,APARTMENT,FLAT_STUDIO,220000,residential_sale,,58,USA_HYPER_EQUIPPED,False,False,True,39,,,,,,,AS_NEW
10128482,https://www.immoweb.be/en/classified/apartment/for-sale/dilbeek/1700/10128482?searchId=63393c145bdda,1700,APARTMENT,APARTMENT,229000,residential_sale,,85,HYPER_EQUIPPED,False,False,,,,,,,2,False,GOOD
9091312,https://www.immoweb.be/en/classified/apartment/for-sale/jette/1090/9091312?searchId=63393c145bdda,1090,APARTMENT,APARTMENT,245000,residential_sale,,71,HYPER_EQUIPPED,False,False,True,8,,,,,2,False,AS_NEW
9303319,https://www.immoweb.be/en/classified/duplex/for-sale/st-josse-ten-noode/1210/9303319?searchId=63393c145bdda,1210,APARTMENT,DUPLEX,259000,residential_sale,5,75,USA_HYPER_EQUIPPED,False,False,,,,,,,2,False,JUST_RENOVATED
10109928,https://www.immoweb.be/en/classified/apartment/for-sale/bruxelles/1000/10109928?searchId=63393c145bdda,1000,APARTMENT,APARTMENT,265000,residential_sale,,65,HYPER_EQUIPPED,,False,True,6,,,,,4,False,AS_NEW
10067351,https://www.immoweb.be/en/classified/flat-studio/for-sale/ixelles/1050/10067351?searchId=63393c145bdda,1050,APARTMENT,FLAT_STUDIO,295000,residential_sale,,48,USA_HYPER_EQUIPPED,False,False,,,,,,,2,False,AS_NEW
10107224,https://www.immoweb.be/en/classified/apartment/for-sale/bruxelles/1000/10107224?searchId=63393c145bdda,1000,APARTMENT,APARTMENT,312000,residential_sale,,90,USA_INSTALLED,,False,True,6,,,,,4,False,AS_NEW
10127280,https://www.immoweb.be/en/classified/house/for-sale/ixelles/1050/10127280?searchId=63393c28cbed1,1050,HOUSE,HOUSE,1960000,residential_sale,7,509,HYPER_EQUIPPED,False,True,True,50,True,200,300,300,2,False,AS_NEW
10130205,https://www.immoweb.be/en/classified/house/for-sale/amay/4540/10130205?searchId=63393c28cbed1,4540,HOUSE,HOUSE,275000,residential_sale,,180,INSTALLED,False,False,True,,True,180,307,307,3,False,GOOD
10138828,https://www.immoweb.be/en/classified/apartment/for-sale/oupeye/4680/10138828?searchId=63393c28cbed1,4680,APARTMENT,APARTMENT,159000,residential_sale,,84,INSTALLED,False,False,True,4,,,,,4,False,GOOD
10138668,https://www.immoweb.be/en/classified/apartment/for-sale/grimbergen-strombeek-bever/1853/10138668?searchId=63393c28cbed1,1853,APARTMENT,APARTMENT,199000,residential_sale,,87,NOT_INSTALLED,,False,True,5,,,,,2,,TO_RENOVATE
10138288,https://www.immoweb.be/en/classified/apartment/for-sale/musson/6750/10138288?searchId=63393c28cbed1,6750,APARTMENT,APARTMENT,209000,residential_sale,,87,INSTALLED,False,False,True,18,,,,,,False,GOOD
10139887,https://www.immoweb.be/en/classified/apartment/for-sale/etterbeek/1040/10139887?searchId=63393c28cbed1,1040,APARTMENT,APARTMENT,275000,residential_sale,,67,NOT_INSTALLED,False,False,,,,,,,2,False,TO_RENOVATE
10138454,https://www.immoweb.be/en/classified/apartment/for-sale/gent/9000/10138454?searchId=63393c28cbed1,9000,APARTMENT,APARTMENT,340000,residential_sale,,,HYPER_EQUIPPED,False,False,,,,,,,2,False,JUST_RENOVATED
10139994,https://www.immoweb.be/en/classified/penthouse/for-sale/brugge/8000/10139994?searchId=63393c28cbed1,8000,APARTMENT,PENTHOUSE,750000,residential_sale,,115,INSTALLED,False,False,True,10,,,,,3,,GOOD
10125886,https://www.immoweb.be/en/classified/flat-studio/for-sale/etterbeek/1040/10125886?searchId=63393c28cbed1,1040,APARTMENT,FLAT_STUDIO,215000,residential_sale,,50,SEMI_EQUIPPED,False,False,True,18,,,,,2,False,GOOD
10127344,https://www.immoweb.be/en/classified/apartment/for-sale/forest/1190/10127344?searchId=63393c28cbed1,1190,APARTMENT,APARTMENT,240000,residential_sale,,58,NOT_INSTALLED,False,False,True,2,,,,,2,False,GOOD
10127496,https://www.immoweb.be/en/classified/apartment/for-sale/anderlecht/1070/10127496?searchId=63393c28cbed1,1070,APARTMENT,APARTMENT,245000,residential_sale,,71,NOT_INSTALLED,False,False,,,,,,,,,TO_BE_DONE_UP
10127497,https://www.immoweb.be/en/classified/apartment/for-sale/anderlecht/1070/10127497?searchId=63393c28cbed1,1070,APARTMENT,APARTMENT,250000,residential_sale,,85,NOT_INSTALLED,False,False,,,,,,,,,TO_BE_DONE_UP
10125888,https://www.immoweb.be/en/classified/flat-studio/for-sale/etterbeek/1040/10125888?searchId=63393c28cbed1,1040,APARTMENT,FLAT_STUDIO,275000,residential_sale,,70,SEMI_EQUIPPED,False,False,,,,,,,2,False,GOOD
10126637,https://www.immoweb.be/en/classified/apartment/for-sale/bruxelles/1000/10126637?searchId=63393c28cbed1,1000,APARTMENT,APARTMENT,1350000,residential_sale,12,288,NOT_INSTALLED,False,True,True,12,,,,,2,False,TO_BE_DONE_UP
10135999,https://www.immoweb.be/en/classified/house/for-sale/rocourt/4000/10135999?searchId=63393c28cbed1,4000,HOUSE,HOUSE,239000,residential_sale,,100,INSTALLED,False,False,,,True,150,240,240,2,False,TO_BE_DONE_UP
10137814,https://www.immoweb.be/en/classified/house/for-sale/asse/1730/10137814?searchId=63393c28cbed1,1730,HOUSE,HOUSE,269000,residential_sale,,100,SEMI_EQUIPPED,False,False,True,13,,,124,124,3,,GOOD
10137627,https://www.immoweb.be/en/classified/villa/for-sale/desselgem/8792/10137627?searchId=63393c28cbed1,8792,HOUSE,VILLA,395000,residential_sale,,290,INSTALLED,False,False,,,,,1032,1032,4,,TO_BE_DONE_UP
10136981,https://www.immoweb.be/en/classified/house/for-sale/brakel/9660/10136981?searchId=63393c28cbed1,9660,HOUSE,HOUSE,449000,residential_sale,,375,NOT_INSTALLED,False,False,,,,,1263,1263,4,,TO_BE_DONE_UP
10136108,https://www.immoweb.be/en/classified/house/for-sale/melle/9090/10136108?searchId=63393c28cbed1,9090,HOUSE,HOUSE,480000,residential_sale,,287,HYPER_EQUIPPED,False,False,True,,,,505,505,2,False,GOOD
10136772,https://www.immoweb.be/en/classified/mansion/for-sale/geraardsbergen/9500/10136772?searchId=63393c28cbed1,9500,HOUSE,MANSION,510000,residential_sale,,340,HYPER_EQUIPPED,False,False,True,,True,,400,400,2,,GOOD
10136200,https://www.immoweb.be/en/classified/house/for-sale/strombeek-bever/1853/10136200?searchId=63393c28cbed1,1853,HOUSE,HOUSE,569000,residential_sale,,210,HYPER_EQUIPPED,False,False,True,26,True,150,220,220,2,False,GOOD
10137274,https://www.immoweb.be/en/classified/house/for-sale/etterbeek/1040/10137274?searchId=63393c28cbed1,1040,HOUSE,HOUSE,575000,residential_sale,,120,INSTALLED,False,False,,,True,70,120,120,2,,GOOD
10143663,https://www.immoweb.be/en/classified/apartment/for-sale/vilvoorde/1800/10143663?searchId=63393c28cbed1,1800,APARTMENT,APARTMENT,169000,residential_sale,,70,NOT_INSTALLED,False,False,,,,,,,2,False,TO_BE_DONE_UP
10128693,https://www.immoweb.be/en/classified/duplex/for-sale/forest/1190/10128693?searchId=63393c145bdda,1190,APARTMENT,DUPLEX,319000,residential_sale,,140,SEMI_EQUIPPED,False,False,,,,,,,2,False,TO_BE_DONE_UP
10107510,https://www.immoweb.be/en/classified/apartment/for-sale/bruxelles/1000/10107510?searchId=63393c145bdda,1000,APARTMENT,APARTMENT,325000,residential_sale,,92,HYPER_EQUIPPED,,False,True,7,,,,,4,False,AS_NEW
10090813,https://www.immoweb.be/en/classified/apartment/for-sale/jambes/5100/10090813?searchId=63393c145bdda,5100,APARTMENT,APARTMENT,328500,residential_sale,,97,NOT_INSTALLED,False,False,True,11,,,,,,,AS_NEW
10109927,https://www.immoweb.be/en/classified/apartment/for-sale/bruxelles/1000/10109927?searchId=63393c145bdda,1000,APARTMENT,APARTMENT,358000,residential_sale,,96,HYPER_EQUIPPED,,False,True,7,,,,,4,False,AS_NEW
10008399,https://www.immoweb.be/en/classified/apartment/for-sale/bruxelles/1000/10008399?searchId=63393c145bdda,1000,APARTMENT,APARTMENT,375000,residential_sale,,71,USA_HYPER_EQUIPPED,,False,,,,,,,2,False,AS_NEW
10098821,https://www.immoweb.be/en/classified/penthouse/for-sale/jette/1090/10098821?searchId=63393c145bdda,1090,APARTMENT,PENTHOUSE,379000,residential_sale,,110,HYPER_EQUIPPED,False,False,True,10,,,,,3,False,AS_NEW
10107226,https://www.immoweb.be/en/classified/penthouse/for-sale/bruxelles/1000/10107226?searchId=63393c145bdda,1000,APARTMENT,PENTHOUSE,394000,residential_sale,,96,USA_INSTALLED,False,False,True,10,,,,,4,False,AS_NEW
9890718,https://www.immoweb.be/en/classified/apartment/for-sale/uccle/1180/9890718?searchId=63393c145bdda,1180,APARTMENT,APARTMENT,395000,residential_sale,,70,HYPER_EQUIPPED,False,False,True,9,,,,,2,,AS_NEW
10129901,https://www.immoweb.be/en/classified/apartment/for-sale/bruxelles/1000/10129901?searchId=63393c145bdda,1000,APARTMENT,APARTMENT,429000,residential_sale,,160,USA_INSTALLED,False,False,True,8,,,,,3,False,AS_NEW
9960703,https://www.immoweb.be/en/classified/apartment/for-sale/halle/1500/9960703?searchId=63393c145bdda,1500,APARTMENT,APARTMENT,430000,residential_sale,,126,USA_INSTALLED,,False,True,69,,,,,4,False,AS_NEW
9978881,https://www.immoweb.be/en/classified/apartment/for-sale/bruxelles/1000/9978881?searchId=63393c145bdda,1000,APARTMENT,APARTMENT,450000,residential_sale,,97,USA_HYPER_EQUIPPED,,False,True,6,,,,,3,False,AS_NEW
10062944,https://www.immoweb.be/en/classified/penthouse/for-sale/bruxelles/1130/10062944?searchId=63393c145bdda,1130,APARTMENT,PENTHOUSE,450000,residential_sale,,148,USA_HYPER_EQUIPPED,False,False,True,33,,,,,3,False,AS_NEW
10109929,https://www.immoweb.be/en/classified/penthouse/for-sale/bruxelles/1000/10109929?searchId=63393c145bdda,1000,APARTMENT,PENTHOUSE,482000,residential_sale,,126,HYPER_EQUIPPED,,False,True,13,,,,,4,False,AS_NEW
9910182,https://www.immoweb.be/en/classified/apartment/for-sale/bruxelles/1000/9910182?searchId=63393c145bdda,1000,APARTMENT,APARTMENT,515000,residential_sale,,132,USA_HYPER_EQUIPPED,False,False,True,15,,,,,,False,AS_NEW
9908113,https://www.immoweb.be/en/classified/apartment/for-sale/bruxelles/1000/9908113?searchId=63393c2395c05,1000,APARTMENT,APARTMENT,525000,residential_sale,,132,USA_HYPER_EQUIPPED,False,False,True,15,,,,,,False,AS_NEW
9910183,https://www.immoweb.be/en/classified/apartment/for-sale/bruxelles/1000/9910183?searchId=63393c2395c05,1000,APARTMENT,APARTMENT,540000,residential_sale,,132,USA_HYPER_EQUIPPED,False,False,True,15,,,,,,False,AS_NEW
10098822,https://www.immoweb.be/en/classified/duplex/for-sale/jette/1090/10098822?searchId=63393c2395c05,1090,APARTMENT,DUPLEX,559000,residential_sale,,186,USA_HYPER_EQUIPPED,False,False,True,6,,,,,3,False,AS_NEW
9908132,https://www.immoweb.be/en/classified/apartment/for-sale/bruxelles/1000/9908132?searchId=63393c2395c05,1000,APARTMENT,APARTMENT,560000,residential_sale,,132,USA_HYPER_EQUIPPED,False,False,True,15,,,,,,False,AS_NEW
9988601,https://www.immoweb.be/en/classified/apartment/for-sale/woluwe-saint-lambert/1200/9988601?searchId=63393c2395c05,1200,APARTMENT,APARTMENT,570000,residential_sale,,120,USA_HYPER_EQUIPPED,,False,True,10,,,,,2,False,AS_NEW
9646602,https://www.immoweb.be/en/classified/penthouse/for-sale/brussels/1000/9646602?searchId=63393c2395c05,1000,APARTMENT,PENTHOUSE,575000,residential_sale,,169,USA_HYPER_EQUIPPED,False,False,True,87,,,,,2,False,AS_NEW
10129696,https://www.immoweb.be/en/classified/apartment/for-sale/vilvoorde/1800/10129696?searchId=63393c2395c05,1800,APARTMENT,APARTMENT,595000,residential_sale,,230,HYPER_EQUIPPED,False,False,True,38,,,,,,,GOOD
10129697,https://www.immoweb.be/en/classified/apartment/for-sale/grimbergen/1850/10129697?searchId=63393c2395c05,1850,APARTMENT,APARTMENT,595000,residential_sale,,230,HYPER_EQUIPPED,False,False,True,38,,,,,,,GOOD
9853080,https://www.immoweb.be/en/classified/apartment/for-sale/etterbeek/1040/9853080?searchId=63393c2395c05,1040,APARTMENT,APARTMENT,650000,residential_sale,,114,USA_HYPER_EQUIPPED,False,False,True,4,,,,,2,False,AS_NEW
10117637,https://www.immoweb.be/en/classified/apartment/for-sale/aalst/9300/10117637?searchId=63393c2395c05,9300,APARTMENT,APARTMENT,699000,residential_sale,,257,INSTALLED,False,False,True,,,,,,2,,GOOD
10107513,https://www.immoweb.be/en/classified/penthouse/for-sale/bruxelles/1000/10107513?searchId=63393c2395c05,1000,APARTMENT,PENTHOUSE,720000,residential_sale,,166,HYPER_EQUIPPED,,False,True,12,,,,,4,True,AS_NEW
10109932,https://www.immoweb.be/en/classified/penthouse/for-sale/bruxelles/1000/10109932?searchId=63393c2395c05,1000,APARTMENT,PENTHOUSE,745000,residential_sale,,161,HYPER_EQUIPPED,,False,True,14,,,,,4,False,AS_NEW
10046452,https://www.immoweb.be/en/classified/penthouse/for-sale/woluwe-saint-lambert/1200/10046452?searchId=63393c2395c05,1200,APARTMENT,PENTHOUSE,795000,residential_sale,,171,USA_HYPER_EQUIPPED,,False,True,16,,,,,3,False,AS_NEW
10057446,https://www.immoweb.be/en/classified/penthouse/for-sale/woluwe-saint-lambert/1200/10057446?searchId=63393c2395c05,1200,APARTMENT,PENTHOUSE,890000,residential_sale,,274,HYPER_EQUIPPED,False,False,True,93,,,,,4,False,AS_NEW
9624173,https://www.immoweb.be/en/classified/apartment/for-sale/woluwe-saint-pierre/1150/9624173?searchId=63393c2395c05,1150,APARTMENT,APARTMENT,965000,residential_sale,,137,USA_HYPER_EQUIPPED,False,False,True,18,,,,,3,,AS_NEW
9963859,https://www.immoweb.be/en/classified/apartment/for-sale/ixelles/1050/9963859?searchId=63393c2395c05,1050,APARTMENT,APARTMENT,1150000,residential_sale,4,153,USA_HYPER_EQUIPPED,False,False,True,9,,,,,2,False,AS_NEW
10008422,https://www.immoweb.be/en/classified/penthouse/for-sale/uccle/1180/10008422?searchId=63393c2395c05,1180,APARTMENT,PENTHOUSE,1350000,residential_sale,4,179,USA_HYPER_EQUIPPED,False,False,True,36,,,,,4,False,AS_NEW
8894072,https://www.immoweb.be/en/classified/penthouse/for-sale/uccle/1180/8894072?searchId=63393c2395c05,1180,APARTMENT,PENTHOUSE,1350000,residential_sale,4,179,USA_HYPER_EQUIPPED,False,False,True,36,,,,,,False,AS_NEW
10138458,https://www.immoweb.be/en/classified/house/for-sale/frasnes-lez-gosselies/6210/10138458?searchId=63393c2395c05,6210,HOUSE,HOUSE,149000,residential_sale,,105,INSTALLED,False,False,,,True,490,640,640,3,False,TO_BE_DONE_UP
10139737,https://www.immoweb.be/en/classified/town-house/for-sale/nivelles/1400/10139737?searchId=63393c2395c05,1400,HOUSE,TOWN_HOUSE,493000,residential_sale,,160,HYPER_EQUIPPED,False,False,True,30,True,25,331,331,3,,GOOD
10139735,https://www.immoweb.be/en/classified/house/for-sale/nivelles/1400/10139735?searchId=63393c2395c05,1400,HOUSE,HOUSE,493000,residential_sale,,160,HYPER_EQUIPPED,False,False,True,30,True,25,331,331,3,,GOOD
10138252,https://www.immoweb.be/en/classified/other-property/for-sale/desselgem/8792/10138252?searchId=63393c2395c05,8792,HOUSE,OTHER_PROPERTY,795000,residential_sale,,700,HYPER_EQUIPPED,False,True,True,,,,4047,4047,4,True,GOOD
10138247,https://www.immoweb.be/en/classified/villa/for-sale/desselgem/8792/10138247?searchId=63393c2395c05,8792,HOUSE,VILLA,795000,residential_sale,,700,HYPER_EQUIPPED,False,True,True,,,,4047,4047,4,True,GOOD
10120367,https://www.immoweb.be/en/classified/apartment/for-sale/hoboken/2660/10120367?searchId=63393c2395c05,2660,APARTMENT,APARTMENT,199000,residential_sale,,90,INSTALLED,False,False,True,9,,,,,2,,GOOD
10119830,https://www.immoweb.be/en/classified/mansion/for-sale/ronse/9600/10119830?searchId=63393c2395c05,9600,HOUSE,MANSION,279000,residential_sale,,258,INSTALLED,False,False,True,29,,,156,156,2,False,JUST_RENOVATED
10120244,https://www.immoweb.be/en/classified/new-real-estate-project-houses/for-sale/beauraing/5570/10120244?searchId=63393c2395c05,5570,HOUSE_GROUP,HOUSE_GROUP,,group_sale,,,,False,False,,,,,,,1,,
10120498,https://www.immoweb.be/en/classified/new-real-estate-project-houses/for-sale/averbode/3271/10120498?searchId=63393c2395c05,3271,HOUSE_GROUP,HOUSE_GROUP,,group_sale,,,,False,False,,,,,,,1,,
10120401,https://www.immoweb.be/en/classified/duplex/for-sale/ixelles/1050/10120401?searchId=63393c2395c05,1050,APARTMENT,DUPLEX,399000,residential_sale,,90,USA_HYPER_EQUIPPED,False,False,,,,,,,3,False,GOOD
10119989,https://www.immoweb.be/en/classified/apartment/for-sale/waterloo/1410/10119989?searchId=63393c2395c05,1410,APARTMENT,APARTMENT,475000,residential_sale,,140,USA_INSTALLED,False,False,True,3,,,,,4,False,TO_BE_DONE_UP
10120320,https://www.immoweb.be/en/classified/house/for-sale/berchem-sainte-agathe/1082/10120320?searchId=63393c2395c05,1082,HOUSE,HOUSE,495000,residential_sale,16,180,INSTALLED,,False,True,7,True,100,137,137,2,False,AS_NEW
9846383,https://www.immoweb.be/en/classified/apartment/for-sale/brussels/1000/9846383?searchId=63393c28cbed1,1000,APARTMENT,APARTMENT,220000,residential_sale,,66,USA_HYPER_EQUIPPED,False,False,True,11,,,,,4,False,
9846381,https://www.immoweb.be/en/classified/apartment/for-sale/anderlecht/1070/9846381?searchId=63393c28cbed1,1070,APARTMENT,APARTMENT,220000,residential_sale,,66,USA_HYPER_EQUIPPED,False,False,True,11,,,,,4,False,
10134218,https://www.immoweb.be/en/classified/apartment/for-sale/woluwe-saint-lambert/1150/10134218?searchId=63393c28cbed1,1150,APARTMENT,APARTMENT,345000,residential_sale,,73,,False,False,,,,,,,2,False,JUST_RENOVATED
10125934,https://www.immoweb.be/en/classified/house/for-sale/huy/4500/10125934?searchId=63393c28cbed1,4500,HOUSE,HOUSE,140000,residential_sale,,160,SEMI_EQUIPPED,False,False,True,,True,75,160,160,2,False,TO_RENOVATE
10127113,https://www.immoweb.be/en/classified/house/for-sale/andenne/5300/10127113?searchId=63393c28cbed1,5300,HOUSE,HOUSE,175000,residential_sale,,115,SEMI_EQUIPPED,False,False,True,,True,,1067,1067,4,,TO_BE_DONE_UP
10126910,https://www.immoweb.be/en/classified/house/for-sale/willebroek/2830/10126910?searchId=63393c28cbed1,2830,HOUSE,HOUSE,255000,residential_sale,,211,INSTALLED,False,False,True,20,True,,217,217,2,,TO_BE_DONE_UP
10125913,https://www.immoweb.be/en/classified/house/for-sale/forest/1190/10125913?searchId=63393c28cbed1,1190,HOUSE,HOUSE,825000,residential_sale,,244,USA_INSTALLED,False,False,True,35,,,113,113,2,False,GOOD
